ID,A1,D1,I1,A2,D2,I2,A3,D3,I3,A4,D4,I4,A5,D5,I5
492,1,0,0,1,0,0,0,1,1,-1,0,0,1,0,0
493,-1,0,0,0,1,-1,0,1,1,-1,0,0,1,0,0
494,-1,0,0,0,1,1,0,1,1,1,0,0,-1,0,0
495,-1,0,0,0,1,-1,0,1,-1,1,0,0,0,1,-1
496,1,0,0,1,0,0,0,1,1,-1,0,0,1,0,0
497,0,1,-1,-1,0,0,1,0,0,1,0,0,0,1,-1
498,1,0,0,0,1,1,-1,0,0,1,0,0,-1,0,0
499,0,1,-1,0,1,-1,0,1,1,-1,0,0,1,0,0
500,-1,0,0,1,0,0,1,0,0,0,1,1,0,1,1
501,0,1,1,-1,0,0,1,0,0,1,0,0,0,1,1
502,0,1,1,-1,0,0,1,0,0,-1,0,0,1,0,0
503,-1,0,0,0,1,1,-1,0,0,1,0,0,-1,0,0
504,0,1,-1,1,0,0,1,0,0,1,0,0,0,1,-1
505,1,0,0,0,1,1,-1,0,0,1,0,0,0,1,-1
506,-1,0,0,-1,0,0,0,1,1,-1,0,0,0,1,1
507,0,1,1,0,1,-1,0,1,-1,-1,0,0,1,0,0
508,1,0,0,0,1,-1,-1,0,0,1,0,0,-1,0,0
509,1,0,0,1,0,0,0,1,1,0,1,-1,0,1,1
510,-1,0,0,0,1,-1,0,1,-1,-1,0,0,1,0,0
511,-1,0,0,0,1,1,1,0,0,0,1,1,1,0,0
512,0,1,-1,1,0,0,1,0,0,0,1,-1,0,1,1
513,0,1,1,0,1,-1,0,1,-1,0,1,1,1,0,0
514,0,1,-1,0,1,-1,0,1,1,0,1,-1,0,1,1
515,0,1,1,0,1,1,1,0,0,0,1,1,1,0,0
516,0,1,1,1,0,0,1,0,0,-1,0,0,1,0,0
517,-1,0,0,0,1,1,0,1,-1,-1,0,0,1,0,0
518,0,1,-1,0,1,-1,1,0,0,0,1,-1,1,0,0
519,-1,0,0,0,1,1,1,0,0,-1,0,0,1,0,0
520,1,0,0,0,1,-1,-1,0,0,1,0,0,-1,0,0
521,1,0,0,-1,0,0,-1,0,0,1,0,0,0,1,1
522,0,1,-1,-1,0,0,0,1,-1,1,0,0,0,1,1
523,0,1,-1,0,1,1,0,1,-1,1,0,0,0,1,-1
525,0,1,-1,1,0,0,1,0,0,-1,0,0,0,1,-1
526,0,1,-1,-1,0,0,1,0,0,0,1,1,0,1,-1
528,1,0,0,1,0,0,1,0,0,0,1,1,0,1,-1
530,0,1,-1,1,0,0,1,0,0,-1,0,0,0,1,-1
532,0,1,-1,1,0,0,1,0,0,-1,0,0,-1,0,0
533,-1,0,0,0,1,-1,0,1,-1,0,1,1,0,1,-1
534,0,1,-1,0,1,-1,1,0,0,1,0,0,-1,0,0
535,0,1,-1,1,0,0,1,0,0,0,1,1,-1,0,0
536,0,1,-1,0,1,1,1,0,0,0,1,1,0,1,-1
538,0,1,1,1,0,0,1,0,0,0,1,1,0,1,-1
539,0,1,-1,1,0,0,1,0,0,0,1,1,-1,0,0
540,1,0,0,-1,0,0,0,1,1,0,1,1,-1,0,0
541,0,1,-1,1,0,0,-1,0,0,0,1,1,-1,0,0
542,1,0,0,0,1,1,-1,0,0,-1,0,0,-1,0,0
543,0,1,-1,0,1,-1,-1,0,0,-1,0,0,0,1,-1
544,0,1,-1,0,1,1,0,1,1,0,1,1,0,1,-1
545,1,0,0,0,1,-1,-1,0,0,0,1,1,-1,0,0
546,1,0,0,0,1,-1,-1,0,0,-1,0,0,0,1,-1
547,0,1,-1,0,1,1,-1,0,0,0,1,1,0,1,-1
548,1,0,0,0,1,-1,0,1,1,-1,0,0,0,1,-1
549,1,0,0,0,1,-1,0,1,1,0,1,1,-1,0,0
550,0,1,1,0,1,-1,0,1,1,1,0,0,-1,0,0
551,0,1,1,-1,0,0,0,1,1,0,1,-1,-1,0,0
553,0,1,1,0,1,-1,0,1,1,0,1,-1,0,1,1
554,0,1,1,-1,0,0,0,1,1,1,0,0,-1,0,0
555,0,1,-1,0,1,1,-1,0,0,-1,0,0,0,1,-1
556,-1,0,0,0,1,1,-1,0,0,0,1,-1,-1,0,0
557,-1,0,0,0,1,1,0,1,1,0,1,-1,0,1,-1
558,-1,0,0,0,1,1,-1,0,0,0,1,-1,0,1,1
559,0,1,-1,0,1,1,0,1,1,-1,0,0,-1,0,0
560,-1,0,0,0,1,1,0,1,1,0,1,-1,-1,0,0
561,-1,0,0,0,1,1,-1,0,0,-1,0,0,0,1,-1
562,-1,0,0,0,1,1,0,1,1,-1,0,0,1,0,0
563,0,1,-1,0,1,1,-1,0,0,0,1,-1,1,0,0
565,0,1,1,0,1,-1,0,1,1,1,0,0,-1,0,0
566,0,1,1,0,1,-1,1,0,0,0,1,-1,-1,0,0
567,0,1,1,0,1,-1,1,0,0,0,1,-1,0,1,1
569,1,0,0,0,1,1,-1,0,0,1,0,0,0,1,-1
570,1,0,0,-1,0,0,-1,0,0,1,0,0,-1,0,0
571,0,1,-1,0,1,-1,0,1,1,1,0,0,-1,0,0
572,1,0,0,-1,0,0,1,0,0,1,0,0,0,1,-1
573,-1,0,0,0,1,-1,1,0,0,-1,0,0,0,1,-1
574,1,0,0,-1,0,0,0,1,-1,-1,0,0,0,1,-1
575,1,0,0,0,1,1,0,1,1,1,0,0,-1,0,0
576,1,0,0,0,1,-1,0,1,1,1,0,0,0,1,-1
577,1,0,0,0,1,-1,-1,0,0,1,0,0,0,1,-1
578,-1,0,0,-1,0,0,1,0,0,0,1,1,0,1,-1
579,0,1,1,1,0,0,1,0,0,0,1,-1,0,1,-1
580,0,1,1,1,0,0,0,1,1,1,0,0,0,1,-1
581,-1,0,0,0,1,-1,0,1,1,1,0,0,0,1,1
582,0,1,1,-1,0,0,-1,0,0,0,1,-1,0,1,1
583,1,0,0,0,1,1,0,1,1,1,0,0,0,1,-1
584,-1,0,0,1,0,0,-1,0,0,1,0,0,1,0,0
586,-1,0,0,1,0,0,0,1,1,1,0,0,0,1,-1
587,1,0,0,1,0,0,0,1,1,0,1,-1,0,1,-1
588,0,1,1,0,1,1,0,1,1,0,1,-1,0,1,-1
589,0,1,-1,1,0,0,0,1,1,0,1,-1,0,1,-1
590,-1,0,0,0,1,-1,1,0,0,1,0,0,0,1,-1
591,-1,0,0,1,0,0,0,1,1,1,0,0,0,1,-1
592,0,1,-1,0,1,-1,0,1,-1,0,1,-1,-1,0,0
593,0,1,1,0,1,1,0,1,1,1,0,0,0,1,-1
594,0,1,-1,1,0,0,0,1,1,1,0,0,0,1,-1
595,0,1,-1,1,0,0,0,1,-1,1,0,0,-1,0,0
596,1,0,0,0,1,-1,1,0,0,0,1,-1,0,1,-1
597,0,1,1,0,1,-1,1,0,0,-1,0,0,0,1,1
598,1,0,0,-1,0,0,-1,0,0,0,1,1,0,1,1
599,0,1,-1,1,0,0,0,1,-1,1,0,0,0,1,-1
600,0,1,-1,1,0,0,0,1,-1,0,1,-1,1,0,0
601,0,1,-1,1,0,0,0,1,-1,0,1,1,0,1,1
602,-1,0,0,0,1,-1,0,1,1,-1,0,0,1,0,0
603,0,1,-1,1,0,0,0,1,-1,0,1,1,0,1,1
604,0,1,-1,1,0,0,0,1,-1,-1,0,0,0,1,-1
605,0,1,1,-1,0,0,0,1,-1,1,0,0,-1,0,0
606,0,1,1,-1,0,0,-1,0,0,-1,0,0,-1,0,0
607,0,1,1,-1,0,0,-1,0,0,0,1,-1,-1,0,0
608,0,1,-1,-1,0,0,1,0,0,1,0,0,0,1,-1
609,1,0,0,-1,0,0,0,1,1,-1,0,0,1,0,0
610,-1,0,0,-1,0,0,1,0,0,1,0,0,0,1,1
611,1,0,0,0,1,-1,1,0,0,0,1,-1,1,0,0
612,0,1,-1,1,0,0,0,1,-1,-1,0,0,0,1,-1
613,1,0,0,-1,0,0,0,1,-1,1,0,0,-1,0,0
614,0,1,-1,1,0,0,0,1,-1,0,1,1,0,1,1
615,0,1,-1,1,0,0,0,1,-1,1,0,0,-1,0,0
616,0,1,-1,1,0,0,0,1,-1,0,1,-1,0,1,1
617,0,1,-1,1,0,0,0,1,-1,0,1,-1,-1,0,0
618,0,1,-1,-1,0,0,0,1,-1,0,1,1,0,1,1
619,0,1,1,0,1,1,1,0,0,1,0,0,-1,0,0
620,1,0,0,1,0,0,1,0,0,0,1,-1,0,1,-1
621,1,0,0,0,1,1,0,1,1,0,1,1,1,0,0
622,1,0,0,0,1,1,0,1,-1,1,0,0,0,1,-1
623,0,1,1,0,1,1,1,0,0,0,1,1,1,0,0
624,0,1,1,-1,0,0,1,0,0,1,0,0,-1,0,0
625,1,0,0,0,1,1,0,1,-1,0,1,1,1,0,0
626,1,0,0,0,1,-1,0,1,-1,1,0,0,-1,0,0
627,1,0,0,-1,0,0,0,1,1,1,0,0,1,0,0
628,0,1,1,0,1,1,0,1,-1,0,1,1,1,0,0
629,0,1,1,0,1,1,-1,0,0,0,1,1,1,0,0
630,0,1,1,0,1,-1,0,1,-1,0,1,-1,-1,0,0
631,0,1,1,0,1,1,0,1,-1,0,1,-1,-1,0,0
632,1,0,0,0,1,-1,1,0,0,1,0,0,0,1,-1
633,0,1,1,-1,0,0,1,0,0,0,1,1,1,0,0
634,1,0,0,-1,0,0,1,0,0,0,1,-1,-1,0,0
635,0,1,1,-1,0,0,1,0,0,1,0,0,-1,0,0
636,1,0,0,0,1,1,1,0,0,0,1,-1,0,1,-1
637,0,1,1,-1,0,0,-1,0,0,0,1,1,1,0,0
638,0,1,1,0,1,1,0,1,-1,0,1,-1,-1,0,0
639,0,1,1,-1,0,0,0,1,-1,0,1,-1,-1,0,0
640,0,1,1,0,1,1,0,1,1,0,1,-1,0,1,-1
641,0,1,1,0,1,1,0,1,1,0,1,-1,0,1,-1
642,0,1,1,1,0,0,0,1,1,0,1,-1,0,1,-1
643,0,1,-1,0,1,1,0,1,1,0,1,-1,0,1,1
644,0,1,-1,1,0,0,0,1,1,-1,0,0,0,1,-1
645,0,1,-1,-1,0,0,1,0,0,1,0,0,0,1,-1
646,1,0,0,0,1,1,1,0,0,-1,0,0,0,1,1
647,0,1,1,1,0,0,0,1,1,0,1,-1,1,0,0
648,0,1,1,0,1,1,0,1,1,0,1,-1,0,1,-1
649,0,1,1,1,0,0,0,1,1,0,1,-1,0,1,-1
650,1,0,0,1,0,0,0,1,1,0,1,-1,0,1,-1
651,0,1,1,-1,0,0,1,0,0,0,1,1,-1,0,0
652,1,0,0,0,1,1,0,1,1,0,1,-1,-1,0,0
653,0,1,1,1,0,0,0,1,1,0,1,-1,-1,0,0
654,-1,0,0,0,1,-1,1,0,0,1,0,0,-1,0,0
655,0,1,1,1,0,0,0,1,1,0,1,-1,0,1,-1
656,-1,0,0,1,0,0,0,1,1,0,1,-1,1,0,0
657,1,0,0,0,1,-1,0,1,1,0,1,1,1,0,0
658,-1,0,0,-1,0,0,1,0,0,-1,0,0,-1,0,0
659,0,1,1,0,1,-1,0,1,1,-1,0,0,0,1,-1
660,1,0,0,0,1,1,0,1,1,0,1,-1,0,1,1
661,-1,0,0,1,0,0,-1,0,0,1,0,0,-1,0,0
662,-1,0,0,0,1,1,-1,0,0,0,1,1,0,1,-1
663,0,1,-1,1,0,0,-1,0,0,-1,0,0,0,1,1
664,-1,0,0,0,1,-1,-1,0,0,0,1,1,0,1,-1
666,-1,0,0,0,1,-1,-1,0,0,0,1,-1,0,1,-1
667,-1,0,0,0,1,-1,-1,0,0,0,1,-1,0,1,-1
668,-1,0,0,0,1,-1,-1,0,0,1,0,0,0,1,-1
669,0,1,-1,0,1,1,0,1,1,-1,0,0,-1,0,0
670,-1,0,0,0,1,1,-1,0,0,-1,0,0,0,1,-1
671,-1,0,0,0,1,-1,-1,0,0,-1,0,0,0,1,-1
672,0,1,-1,0,1,1,0,1,1,0,1,-1,-1,0,0
673,-1,0,0,0,1,-1,-1,0,0,1,0,0,0,1,-1
674,0,1,-1,0,1,1,-1,0,0,0,1,-1,0,1,1
675,-1,0,0,0,1,-1,-1,0,0,1,0,0,0,1,-1
676,-1,0,0,0,1,-1,-1,0,0,0,1,1,-1,0,0
677,-1,0,0,0,1,-1,-1,0,0,-1,0,0,-1,0,0
678,-1,0,0,0,1,-1,-1,0,0,-1,0,0,0,1,-1
679,-1,0,0,0,1,1,0,1,1,0,1,1,1,0,0
680,-1,0,0,0,1,1,0,1,1,-1,0,0,0,1,1
681,0,1,-1,-1,0,0,0,1,-1,0,1,-1,0,1,1
682,0,1,-1,-1,0,0,0,1,-1,0,1,-1,0,1,1
683,-1,0,0,0,1,1,-1,0,0,0,1,1,0,1,1
684,0,1,-1,0,1,-1,0,1,-1,1,0,0,0,1,1
685,0,1,-1,0,1,1,0,1,1,-1,0,0,1,0,0
686,0,1,-1,0,1,1,-1,0,0,-1,0,0,1,0,0
687,-1,0,0,0,1,1,0,1,1,-1,0,0,0,1,1
688,0,1,-1,0,1,-1,0,1,-1,0,1,-1,-1,0,0
689,0,1,-1,0,1,-1,0,1,-1,1,0,0,0,1,1
690,-1,0,0,0,1,-1,0,1,-1,0,1,-1,0,1,1
691,-1,0,0,0,1,-1,0,1,-1,0,1,-1,0,1,1
692,-1,0,0,-1,0,0,-1,0,0,0,1,1,0,1,1
694,-1,0,0,-1,0,0,0,1,-1,0,1,1,1,0,0
695,0,1,-1,-1,0,0,-1,0,0,1,0,0,1,0,0
699,1,0,0,-1,0,0,-1,0,0,0,1,1,0,1,1
702,1,0,0,-1,0,0,0,1,1,-1,0,0,0,1,1
706,0,1,-1,0,1,-1,-1,0,0,-1,0,0,0,1,1
707,0,1,-1,0,1,-1,1,0,0,-1,0,0,0,1,-1
708,1,0,0,0,1,1,1,0,0,0,1,1,0,1,1
709,0,1,-1,1,0,0,0,1,1,1,0,0,-1,0,0
710,1,0,0,0,1,-1,0,1,1,0,1,1,0,1,-1
711,1,0,0,-1,0,0,1,0,0,1,0,0,0,1,-1
712,0,1,-1,0,1,-1,1,0,0,1,0,0,0,1,1
713,1,0,0,0,1,-1,0,1,1,0,1,1,0,1,1
714,1,0,0,0,1,-1,1,0,0,1,0,0,0,1,-1
715,0,1,1,0,1,-1,0,1,1,1,0,0,-1,0,0
716,1,0,0,0,1,-1,0,1,-1,0,1,-1,0,1,-1
717,0,1,-1,-1,0,0,0,1,1,1,0,0,0,1,1
718,0,1,-1,-1,0,0,0,1,1,1,0,0,0,1,-1
719,0,1,-1,0,1,-1,0,1,1,-1,0,0,0,1,-1
720,0,1,-1,-1,0,0,0,1,1,0,1,-1,0,1,-1
721,0,1,-1,0,1,1,0,1,1,0,1,1,-1,0,0
722,1,0,0,0,1,1,1,0,0,1,0,0,0,1,1
723,1,0,0,0,1,-1,-1,0,0,-1,0,0,0,1,-1
724,0,1,1,-1,0,0,1,0,0,1,0,0,0,1,1
725,0,1,-1,0,1,-1,1,0,0,-1,0,0,0,1,-1
726,0,1,-1,0,1,-1,1,0,0,0,1,-1,-1,0,0
727,0,1,-1,0,1,1,1,0,0,1,0,0,0,1,1
729,-1,0,0,-1,0,0,1,0,0,0,1,-1,-1,0,0
730,0,1,-1,0,1,1,1,0,0,1,0,0,0,1,1
731,0,1,-1,0,1,1,1,0,0,1,0,0,0,1,1
732,-1,0,0,1,0,0,0,1,-1,-1,0,0,-1,0,0
733,0,1,1,0,1,1,0,1,-1,-1,0,0,0,1,-1
734,-1,0,0,0,1,1,0,1,-1,0,1,-1,-1,0,0
735,0,1,-1,0,1,1,1,0,0,1,0,0,0,1,1
736,0,1,-1,0,1,1,1,0,0,1,0,0,0,1,1
737,0,1,-1,0,1,1,1,0,0,1,0,0,0,1,1
738,0,1,-1,0,1,-1,0,1,-1,-1,0,0,0,1,-1
739,1,0,0,0,1,-1,1,0,0,-1,0,0,1,0,0
740,0,1,1,0,1,-1,0,1,-1,0,1,1,1,0,0
741,0,1,-1,0,1,1,1,0,0,-1,0,0,1,0,0
742,1,0,0,0,1,-1,1,0,0,-1,0,0,0,1,1
744,0,1,1,0,1,-1,0,1,-1,0,1,1,1,0,0
745,1,0,0,0,1,1,1,0,0,-1,0,0,0,1,1
746,0,1,1,-1,0,0,0,1,-1,0,1,1,0,1,-1
747,0,1,1,0,1,-1,0,1,-1,0,1,1,0,1,-1
748,1,0,0,-1,0,0,0,1,1,-1,0,0,0,1,1
749,0,1,1,0,1,-1,1,0,0,0,1,1,0,1,-1
750,1,0,0,1,0,0,0,1,1,-1,0,0,0,1,1
752,0,1,-1,0,1,1,1,0,0,-1,0,0,1,0,0
753,1,0,0,-1,0,0,0,1,1,-1,0,0,1,0,0
754,1,0,0,0,1,1,0,1,1,-1,0,0,1,0,0
755,0,1,1,-1,0,0,0,1,-1,0,1,1,0,1,-1
756,0,1,1,0,1,-1,0,1,-1,0,1,1,1,0,0
757,1,0,0,0,1,-1,0,1,1,-1,0,0,0,1,1
758,0,1,1,-1,0,0,1,0,0,0,1,1,0,1,-1
759,-1,0,0,0,1,1,0,1,-1,1,0,0,-1,0,0
760,0,1,-1,0,1,1,0,1,-1,1,0,0,-1,0,0
761,0,1,-1,0,1,1,0,1,-1,0,1,-1,-1,0,0
762,0,1,-1,0,1,1,0,1,-1,0,1,-1,-1,0,0
763,-1,0,0,-1,0,0,0,1,-1,0,1,1,0,1,-1
764,-1,0,0,-1,0,0,0,1,-1,-1,0,0,0,1,-1
765,-1,0,0,0,1,1,0,1,1,0,1,1,-1,0,0
766,-1,0,0,0,1,1,0,1,-1,0,1,1,0,1,1
767,0,1,1,0,1,-1,1,0,0,-1,0,0,0,1,-1
768,1,0,0,0,1,1,0,1,1,-1,0,0,0,1,-1
769,1,0,0,-1,0,0,1,0,0,-1,0,0,-1,0,0
770,0,1,1,-1,0,0,1,0,0,-1,0,0,-1,0,0
771,-1,0,0,0,1,1,-1,0,0,-1,0,0,0,1,1
772,-1,0,0,-1,0,0,0,1,-1,0,1,1,0,1,-1
773,0,1,1,0,1,-1,0,1,1,0,1,1,0,1,-1
774,1,0,0,0,1,1,0,1,1,0,1,1,-1,0,0
776,-1,0,0,-1,0,0,0,1,-1,-1,0,0,-1,0,0
777,1,0,0,0,1,-1,1,0,0,0,1,1,0,1,-1
778,-1,0,0,0,1,1,-1,0,0,0,1,1,0,1,1
779,-1,0,0,0,1,1,-1,0,0,0,1,1,1,0,0
780,-1,0,0,0,1,1,0,1,-1,-1,0,0,-1,0,0
781,-1,0,0,1,0,0,0,1,1,-1,0,0,0,1,-1
782,0,1,1,1,0,0,0,1,1,-1,0,0,-1,0,0
784,0,1,1,0,1,1,0,1,1,-1,0,0,0,1,-1
793,0,1,1,0,1,-1,0,1,1,1,0,0,0,1,1
794,0,1,1,-1,0,0,1,0,0,0,1,-1,1,0,0
795,1,0,0,1,0,0,0,1,1,1,0,0,0,1,-1
796,0,1,1,-1,0,0,-1,0,0,0,1,-1,1,0,0
797,0,1,1,0,1,-1,-1,0,0,1,0,0,0,1,1
798,0,1,1,-1,0,0,0,1,1,0,1,-1,1,0,0
799,0,1,1,-1,0,0,0,1,-1,0,1,-1,1,0,0
800,1,0,0,0,1,1,1,0,0,0,1,-1,1,0,0
801,0,1,1,0,1,-1,0,1,1,1,0,0,0,1,-1
802,1,0,0,1,0,0,0,1,1,1,0,0,0,1,-1
803,0,1,1,1,0,0,0,1,1,1,0,0,0,1,1
806,1,0,0,-1,0,0,0,1,-1,0,1,-1,1,0,0
807,0,1,1,1,0,0,0,1,1,1,0,0,-1,0,0
808,0,1,1,0,1,1,0,1,-1,0,1,-1,1,0,0
809,1,0,0,-1,0,0,1,0,0,0,1,-1,1,0,0
810,0,1,1,0,1,1,-1,0,0,0,1,-1,1,0,0
811,1,0,0,0,1,-1,-1,0,0,1,0,0,-1,0,0
814,0,1,1,-1,0,0,-1,0,0,0,1,-1,1,0,0
815,1,0,0,1,0,0,-1,0,0,1,0,0,1,0,0
816,0,1,1,-1,0,0,0,1,-1,0,1,-1,0,1,-1
817,0,1,1,-1,0,0,-1,0,0,0,1,-1,1,0,0
818,1,0,0,1,0,0,-1,0,0,1,0,0,1,0,0
819,1,0,0,1,0,0,-1,0,0,0,1,-1,1,0,0
820,1,0,0,1,0,0,-1,0,0,0,1,-1,1,0,0
821,1,0,0,1,0,0,-1,0,0,1,0,0,1,0,0
822,0,1,1,-1,0,0,-1,0,0,-1,0,0,0,1,-1
823,1,0,0,1,0,0,-1,0,0,1,0,0,1,0,0
824,1,0,0,1,0,0,-1,0,0,0,1,-1,1,0,0
825,1,0,0,1,0,0,-1,0,0,1,0,0,1,0,0
826,0,1,1,-1,0,0,0,1,-1,0,1,-1,0,1,1
827,0,1,1,-1,0,0,-1,0,0,-1,0,0,0,1,1
828,1,0,0,1,0,0,-1,0,0,1,0,0,1,0,0
829,1,0,0,1,0,0,-1,0,0,1,0,0,1,0,0
830,1,0,0,1,0,0,-1,0,0,0,1,-1,1,0,0
831,1,0,0,1,0,0,-1,0,0,1,0,0,1,0,0
832,0,1,1,-1,0,0,0,1,-1,-1,0,0,-1,0,0
833,0,1,-1,1,0,0,0,1,-1,-1,0,0,0,1,1
834,0,1,-1,1,0,0,0,1,-1,-1,0,0,0,1,1
835,0,1,-1,1,0,0,0,1,-1,1,0,0,0,1,1
836,0,1,-1,1,0,0,-1,0,0,-1,0,0,0,1,1
837,1,0,0,1,0,0,1,0,0,0,1,1,1,0,0
838,1,0,0,1,0,0,1,0,0,0,1,1,1,0,0
839,1,0,0,0,1,1,1,0,0,0,1,1,1,0,0
840,1,0,0,1,0,0,1,0,0,0,1,1,0,1,1
841,0,1,-1,1,0,0,0,1,-1,1,0,0,0,1,1
842,1,0,0,1,0,0,1,0,0,0,1,1,1,0,0
843,0,1,-1,1,0,0,0,1,-1,1,0,0,0,1,1
844,0,1,-1,1,0,0,-1,0,0,1,0,0,0,1,1
845,1,0,0,0,1,1,1,0,0,0,1,1,0,1,1
846,1,0,0,1,0,0,1,0,0,0,1,1,0,1,1
847,0,1,-1,1,0,0,-1,0,0,-1,0,0,0,1,1
848,1,0,0,0,1,1,1,0,0,0,1,1,1,0,0
849,0,1,-1,1,0,0,0,1,-1,0,1,1,0,1,1
850,1,0,0,1,0,0,1,0,0,0,1,1,1,0,0
851,0,1,-1,1,0,0,-1,0,0,1,0,0,0,1,1
852,1,0,0,1,0,0,1,0,0,0,1,1,1,0,0
853,1,0,0,-1,0,0,1,0,0,1,0,0,0,1,-1
854,1,0,0,-1,0,0,1,0,0,0,1,-1,0,1,-1
855,-1,0,0,-1,0,0,1,0,0,0,1,-1,0,1,-1
856,-1,0,0,-1,0,0,1,0,0,1,0,0,0,1,-1
857,1,0,0,0,1,-1,1,0,0,0,1,1,0,1,-1
858,-1,0,0,0,1,-1,1,0,0,-1,0,0,1,0,0
859,1,0,0,-1,0,0,1,0,0,1,0,0,1,0,0
869,-1,0,0,-1,0,0,-1,0,0,-1,0,0,1,0,0
870,-1,0,0,-1,0,0,0,1,1,0,1,-1,1,0,0
872,1,0,0,1,0,0,1,0,0,1,0,0,0,1,1
873,1,0,0,1,0,0,0,1,-1,1,0,0,-1,0,0
874,-1,0,0,-1,0,0,0,1,1,0,1,-1,0,1,1
875,1,0,0,1,0,0,0,1,1,1,0,0,0,1,1
876,-1,0,0,-1,0,0,-1,0,0,0,1,-1,1,0,0
877,1,0,0,0,1,-1,-1,0,0,1,0,0,0,1,1
878,-1,0,0,-1,0,0,0,1,1,0,1,-1,0,1,1
879,1,0,0,0,1,-1,0,1,1,1,0,0,1,0,0
880,-1,0,0,-1,0,0,0,1,1,-1,0,0,1,0,0
881,-1,0,0,-1,0,0,-1,0,0,0,1,-1,1,0,0
882,1,0,0,0,1,-1,-1,0,0,1,0,0,-1,0,0
883,-1,0,0,-1,0,0,0,1,1,0,1,-1,1,0,0
885,1,0,0,1,0,0,-1,0,0,1,0,0,1,0,0
886,0,1,-1,1,0,0,0,1,1,0,1,1,-1,0,0
887,-1,0,0,1,0,0,0,1,1,0,1,1,-1,0,0
888,-1,0,0,1,0,0,0,1,1,0,1,1,-1,0,0
889,0,1,-1,1,0,0,-1,0,0,0,1,1,-1,0,0
890,0,1,-1,1,0,0,-1,0,0,0,1,1,-1,0,0
894,-1,0,0,0,1,1,0,1,-1,0,1,-1,0,1,1
895,-1,0,0,-1,0,0,0,1,-1,1,0,0,0,1,1
896,-1,0,0,-1,0,0,0,1,-1,0,1,-1,-1,0,0
900,0,1,-1,-1,0,0,-1,0,0,1,0,0,-1,0,0
902,-1,0,0,-1,0,0,-1,0,0,1,0,0,0,1,1
903,-1,0,0,-1,0,0,0,1,-1,0,1,-1,0,1,1
905,-1,0,0,0,1,1,0,1,-1,1,0,0,-1,0,0
908,-1,0,0,0,1,-1,-1,0,0,1,0,0,1,0,0
909,1,0,0,0,1,-1,0,1,-1,0,1,1,0,1,-1
910,0,1,-1,1,0,0,-1,0,0,1,0,0,0,1,-1
911,0,1,-1,0,1,-1,-1,0,0,0,1,1,0,1,-1
912,0,1,-1,0,1,-1,0,1,-1,1,0,0,1,0,0
913,0,1,-1,1,0,0,-1,0,0,1,0,0,0,1,-1
914,-1,0,0,0,1,-1,0,1,-1,1,0,0,0,1,-1
915,0,1,-1,0,1,-1,0,1,-1,1,0,0,0,1,-1
916,0,1,-1,0,1,-1,0,1,-1,1,0,0,1,0,0
917,0,1,-1,0,1,-1,0,1,-1,0,1,-1,-1,0,0
918,0,1,-1,0,1,-1,-1,0,0,1,0,0,0,1,-1
919,0,1,-1,0,1,-1,-1,0,0,1,0,0,1,0,0
920,-1,0,0,0,1,-1,0,1,-1,1,0,0,1,0,0
921,-1,0,0,1,0,0,-1,0,0,1,0,0,0,1,-1
922,1,0,0,1,0,0,0,1,-1,-1,0,0,-1,0,0
923,0,1,-1,-1,0,0,-1,0,0,-1,0,0,0,1,-1
924,-1,0,0,0,1,-1,-1,0,0,0,1,1,0,1,-1
925,0,1,1,0,1,-1,-1,0,0,0,1,-1,-1,0,0
926,-1,0,0,0,1,-1,1,0,0,-1,0,0,0,1,-1
927,-1,0,0,0,1,-1,1,0,0,0,1,1,-1,0,0
928,0,1,1,0,1,-1,0,1,-1,1,0,0,0,1,-1
929,0,1,1,0,1,-1,-1,0,0,0,1,1,0,1,-1
930,0,1,1,1,0,0,-1,0,0,0,1,1,0,1,-1
931,-1,0,0,0,1,1,0,1,1,1,0,0,-1,0,0
932,-1,0,0,0,1,1,1,0,0,1,0,0,0,1,-1
933,0,1,1,1,0,0,-1,0,0,0,1,1,0,1,-1
934,0,1,1,0,1,-1,-1,0,0,0,1,1,0,1,-1
935,0,1,1,1,0,0,-1,0,0,0,1,1,0,1,-1
936,0,1,1,1,0,0,-1,0,0,0,1,1,0,1,-1
937,0,1,1,0,1,1,-1,0,0,1,0,0,0,1,-1
939,0,1,1,0,1,1,0,1,-1,1,0,0,-1,0,0
940,0,1,1,0,1,1,-1,0,0,1,0,0,0,1,-1
941,0,1,1,1,0,0,0,1,-1,1,0,0,-1,0,0
942,0,1,1,1,0,0,-1,0,0,1,0,0,-1,0,0
943,0,1,1,1,0,0,1,0,0,1,0,0,-1,0,0
944,0,1,1,1,0,0,-1,0,0,0,1,1,0,1,-1
945,-1,0,0,0,1,1,0,1,1,1,0,0,0,1,-1
946,-1,0,0,1,0,0,0,1,1,1,0,0,0,1,-1
948,-1,0,0,1,0,0,0,1,1,1,0,0,1,0,0
949,-1,0,0,-1,0,0,0,1,1,0,1,-1,0,1,1
950,-1,0,0,1,0,0,1,0,0,-1,0,0,-1,0,0
951,-1,0,0,1,0,0,1,0,0,-1,0,0,-1,0,0
952,-1,0,0,0,1,1,1,0,0,0,1,1,-1,0,0
953,-1,0,0,0,1,1,1,0,0,0,1,1,-1,0,0
954,-1,0,0,1,0,0,1,0,0,0,1,-1,-1,0,0
955,-1,0,0,-1,0,0,0,1,1,0,1,-1,0,1,1
956,-1,0,0,0,1,1,0,1,1,1,0,0,1,0,0
957,-1,0,0,-1,0,0,0,1,-1,0,1,1,0,1,1
958,-1,0,0,0,1,-1,0,1,-1,1,0,0,1,0,0
959,-1,0,0,-1,0,0,0,1,-1,0,1,1,1,0,0
960,0,1,1,1,0,0,-1,0,0,0,1,1,0,1,-1
961,-1,0,0,-1,0,0,0,1,-1,0,1,1,-1,0,0
962,-1,0,0,0,1,1,1,0,0,0,1,-1,-1,0,0
963,0,1,1,-1,0,0,1,0,0,1,0,0,0,1,-1
964,-1,0,0,-1,0,0,1,0,0,0,1,-1,0,1,-1
965,-1,0,0,0,1,1,1,0,0,0,1,-1,-1,0,0
966,-1,0,0,-1,0,0,1,0,0,1,0,0,0,1,1
967,0,1,1,-1,0,0,1,0,0,1,0,0,0,1,-1
968,-1,0,0,0,1,-1,0,1,-1,1,0,0,1,0,0
969,-1,0,0,0,1,1,1,0,0,1,0,0,0,1,1
970,-1,0,0,0,1,-1,0,1,-1,0,1,1,1,0,0
971,-1,0,0,-1,0,0,0,1,-1,1,0,0,1,0,0
972,-1,0,0,0,1,-1,0,1,-1,0,1,1,0,1,1
973,0,1,1,0,1,1,1,0,0,1,0,0,0,1,1
974,-1,0,0,0,1,1,1,0,0,0,1,-1,0,1,-1
975,-1,0,0,-1,0,0,0,1,-1,1,0,0,1,0,0
976,-1,0,0,-1,0,0,1,0,0,1,0,0,0,1,1
977,0,1,-1,-1,0,0,0,1,1,-1,0,0,-1,0,0
978,1,0,0,0,1,1,-1,0,0,0,1,-1,0,1,-1
979,-1,0,0,1,0,0,1,0,0,-1,0,0,-1,0,0
980,1,0,0,-1,0,0,-1,0,0,1,0,0,0,1,-1
981,-1,0,0,0,1,-1,-1,0,0,-1,0,0,-1,0,0
982,-1,0,0,1,0,0,0,1,-1,0,1,1,-1,0,0
983,1,0,0,-1,0,0,-1,0,0,1,0,0,1,0,0
984,-1,0,0,-1,0,0,-1,0,0,-1,0,0,-1,0,0
985,1,0,0,-1,0,0,-1,0,0,0,1,-1,1,0,0
986,0,1,-1,-1,0,0,1,0,0,0,1,1,-1,0,0
987,0,1,-1,0,1,1,0,1,1,-1,0,0,-1,0,0
988,1,0,0,0,1,1,-1,0,0,1,0,0,0,1,-1
989,1,0,0,-1,0,0,-1,0,0,1,0,0,1,0,0
990,-1,0,0,0,1,1,1,0,0,-1,0,0,-1,0,0
991,1,0,0,0,1,1,-1,0,0,0,1,-1,0,1,-1
992,0,1,-1,0,1,1,-1,0,0,0,1,1,-1,0,0
993,0,1,-1,0,1,1,-1,0,0,1,0,0,0,1,-1
994,0,1,-1,-1,0,0,-1,0,0,1,0,0,1,0,0
995,-1,0,0,-1,0,0,-1,0,0,0,1,1,0,1,-1
996,1,0,0,-1,0,0,-1,0,0,0,1,1,0,1,1
997,-1,0,0,-1,0,0,-1,0,0,0,1,1,0,1,1
998,0,1,-1,-1,0,0,-1,0,0,0,1,1,1,0,0
999,-1,0,0,-1,0,0,-1,0,0,0,1,1,0,1,1
1000,0,1,1,0,1,-1,-1,0,0,-1,0,0,-1,0,0
1001,0,1,1,1,0,0,0,1,-1,-1,0,0,-1,0,0
1002,1,0,0,0,1,-1,1,0,0,0,1,1,-1,0,0
1003,-1,0,0,0,1,-1,0,1,1,0,1,1,0,1,1
1004,-1,0,0,1,0,0,-1,0,0,0,1,1,1,0,0
1005,0,1,-1,1,0,0,0,1,1,0,1,1,-1,0,0
1006,0,1,-1,1,0,0,0,1,1,0,1,1,0,1,-1
1007,0,1,1,1,0,0,1,0,0,0,1,1,0,1,-1
1008,1,0,0,1,0,0,0,1,1,-1,0,0,-1,0,0
1009,0,1,1,0,1,-1,0,1,1,-1,0,0,0,1,1
1010,-1,0,0,0,1,-1,0,1,1,-1,0,0,0,1,1
1011,1,0,0,0,1,-1,-1,0,0,0,1,1,0,1,-1
1012,0,1,-1,1,0,0,-1,0,0,-1,0,0,0,1,1
1013,1,0,0,-1,0,0,-1,0,0,0,1,1,-1,0,0
1014,1,0,0,-1,0,0,-1,0,0,0,1,1,-1,0,0
1015,0,1,1,-1,0,0,-1,0,0,0,1,1,0,1,-1
1016,0,1,-1,-1,0,0,-1,0,0,0,1,1,0,1,1
1017,0,1,1,-1,0,0,-1,0,0,0,1,1,1,0,0
1018,1,0,0,-1,0,0,-1,0,0,0,1,1,-1,0,0
1019,0,1,-1,1,0,0,0,1,1,-1,0,0,0,1,1
1020,0,1,-1,1,0,0,-1,0,0,-1,0,0,0,1,1
1021,0,1,-1,1,0,0,-1,0,0,0,1,-1,0,1,1
1022,0,1,1,-1,0,0,0,1,1,0,1,1,0,1,1
1023,0,1,1,0,1,-1,0,1,1,0,1,-1,0,1,1
1024,0,1,1,0,1,-1,0,1,1,-1,0,0,0,1,1
1025,0,1,1,-1,0,0,0,1,1,0,1,-1,0,1,1
1027,0,1,1,0,1,1,0,1,1,1,0,0,0,1,1
1028,0,1,-1,0,1,-1,0,1,1,-1,0,0,1,0,0
1029,0,1,1,0,1,1,0,1,1,0,1,1,0,1,1
1030,0,1,1,1,0,0,0,1,1,0,1,1,0,1,1
1031,0,1,1,0,1,1,0,1,1,0,1,-1,0,1,1
1032,0,1,-1,0,1,-1,-1,0,0,-1,0,0,1,0,0
1033,0,1,-1,0,1,-1,0,1,1,-1,0,0,1,0,0
1034,0,1,-1,1,0,0,-1,0,0,0,1,-1,0,1,1
1035,1,0,0,1,0,0,1,0,0,0,1,-1,1,0,0
1036,1,0,0,0,1,-1,0,1,-1,0,1,-1,0,1,1
1048,0,1,1,-1,0,0,0,1,-1,0,1,-1,0,1,1
1049,0,1,1,0,1,1,0,1,-1,1,0,0,1,0,0
1050,-1,0,0,-1,0,0,0,1,-1,1,0,0,0,1,1
1051,0,1,1,-1,0,0,0,1,-1,0,1,1,0,1,1
1052,-1,0,0,0,1,-1,-1,0,0,0,1,-1,1,0,0
1053,0,1,1,1,0,0,-1,0,0,0,1,-1,1,0,0
1054,1,0,0,1,0,0,-1,0,0,0,1,-1,1,0,0
1055,-1,0,0,0,1,-1,-1,0,0,0,1,-1,1,0,0
1056,-1,0,0,1,0,0,-1,0,0,0,1,-1,1,0,0
1057,0,1,1,0,1,-1,-1,0,0,0,1,-1,1,0,0
1058,0,1,-1,1,0,0,-1,0,0,0,1,-1,1,0,0
1059,-1,0,0,0,1,-1,-1,0,0,0,1,-1,1,0,0
1060,-1,0,0,-1,0,0,1,0,0,0,1,1,1,0,0
1061,0,1,1,0,1,1,0,1,-1,1,0,0,1,0,0
1062,0,1,1,-1,0,0,1,0,0,0,1,-1,0,1,1
1063,0,1,1,0,1,1,0,1,-1,-1,0,0,1,0,0
1064,0,1,1,-1,0,0,0,1,1,0,1,-1,1,0,0
1065,0,1,1,0,1,-1,0,1,1,0,1,-1,1,0,0
1066,0,1,1,-1,0,0,1,0,0,0,1,1,1,0,0
1067,1,0,0,1,0,0,0,1,-1,0,1,-1,-1,0,0
1068,0,1,1,1,0,0,0,1,-1,0,1,-1,-1,0,0
1069,1,0,0,1,0,0,0,1,-1,0,1,-1,1,0,0
1070,1,0,0,0,1,-1,0,1,-1,0,1,-1,-1,0,0
1071,1,0,0,0,1,-1,0,1,-1,0,1,-1,0,1,1
1072,1,0,0,0,1,-1,0,1,-1,0,1,-1,1,0,0
1073,0,1,1,-1,0,0,0,1,1,0,1,1,0,1,-1
1074,1,0,0,-1,0,0,1,0,0,0,1,-1,1,0,0
1075,1,0,0,1,0,0,0,1,1,-1,0,0,0,1,-1
1076,0,1,1,0,1,-1,0,1,1,0,1,1,0,1,-1
1077,-1,0,0,0,1,1,0,1,1,1,0,0,-1,0,0
1078,0,1,-1,0,1,1,0,1,1,-1,0,0,1,0,0
1079,0,1,-1,-1,0,0,0,1,1,-1,0,0,0,1,1
1080,0,1,-1,0,1,1,0,1,1,0,1,1,0,1,-1
1081,-1,0,0,-1,0,0,0,1,1,0,1,-1,-1,0,0
1082,1,0,0,0,1,1,1,0,0,0,1,1,1,0,0
1083,0,1,-1,0,1,1,1,0,0,0,1,1,1,0,0
1084,1,0,0,-1,0,0,1,0,0,0,1,1,1,0,0
1085,1,0,0,0,1,1,1,0,0,0,1,1,1,0,0
1086,0,1,-1,-1,0,0,1,0,0,0,1,1,1,0,0
1088,0,1,-1,0,1,1,0,1,1,1,0,0,1,0,0
1089,0,1,1,-1,0,0,0,1,1,0,1,-1,0,1,1
1090,0,1,1,0,1,1,0,1,1,0,1,1,0,1,-1
1091,0,1,1,0,1,1,0,1,1,-1,0,0,0,1,-1
1092,0,1,1,0,1,1,0,1,1,-1,0,0,0,1,1
1093,0,1,1,0,1,1,0,1,1,0,1,1,-1,0,0
1094,-1,0,0,0,1,-1,-1,0,0,-1,0,0,0,1,-1
1095,0,1,1,0,1,-1,-1,0,0,0,1,-1,0,1,-1
1096,0,1,1,0,1,-1,0,1,1,0,1,-1,0,1,-1
1097,-1,0,0,0,1,-1,-1,0,0,0,1,1,0,1,-1
1098,-1,0,0,0,1,-1,0,1,1,1,0,0,0,1,-1
1099,1,0,0,0,1,-1,-1,0,0,1,0,0,0,1,-1
1100,0,1,1,0,1,-1,0,1,1,-1,0,0,0,1,-1
1101,-1,0,0,0,1,-1,0,1,1,-1,0,0,0,1,-1
1102,-1,0,0,0,1,-1,0,1,1,1,0,0,0,1,-1
1103,0,1,1,0,1,1,0,1,1,0,1,1,1,0,0
1104,0,1,1,0,1,1,0,1,1,-1,0,0,-1,0,0
1105,0,1,1,0,1,1,0,1,1,-1,0,0,-1,0,0
1106,0,1,1,0,1,1,0,1,1,-1,0,0,0,1,-1
1111,0,1,1,0,1,1,-1,0,0,0,1,1,0,1,-1
1112,0,1,1,0,1,-1,-1,0,0,1,0,0,0,1,1
1113,-1,0,0,0,1,-1,-1,0,0,0,1,1,0,1,-1
1114,-1,0,0,1,0,0,-1,0,0,1,0,0,0,1,-1
1115,0,1,1,1,0,0,0,1,1,0,1,1,0,1,-1
1116,0,1,1,1,0,0,0,1,1,0,1,1,1,0,0
1118,0,1,1,0,1,1,0,1,1,1,0,0,0,1,1
1119,-1,0,0,1,0,0,0,1,1,0,1,1,0,1,1
1120,0,1,1,1,0,0,0,1,1,-1,0,0,0,1,1
1121,-1,0,0,0,1,1,0,1,1,1,0,0,0,1,-1
1122,0,1,1,1,0,0,0,1,1,1,0,0,1,0,0
1123,-1,0,0,1,0,0,0,1,1,0,1,-1,0,1,1
1124,0,1,1,0,1,1,0,1,1,1,0,0,0,1,-1
1125,0,1,1,0,1,1,0,1,1,0,1,1,0,1,1
1126,-1,0,0,1,0,0,0,1,1,-1,0,0,0,1,-1
1127,0,1,1,1,0,0,0,1,1,0,1,-1,-1,0,0
1128,-1,0,0,-1,0,0,-1,0,0,0,1,1,0,1,1
1129,-1,0,0,0,1,-1,-1,0,0,0,1,1,1,0,0
1130,-1,0,0,0,1,1,0,1,1,0,1,1,0,1,-1
1131,0,1,1,-1,0,0,0,1,1,0,1,1,0,1,-1
1132,-1,0,0,-1,0,0,-1,0,0,0,1,1,-1,0,0
1133,-1,0,0,1,0,0,0,1,1,0,1,1,0,1,1
1134,-1,0,0,1,0,0,1,0,0,-1,0,0,0,1,1
1135,0,1,-1,1,0,0,-1,0,0,-1,0,0,0,1,1
1136,-1,0,0,1,0,0,0,1,-1,0,1,-1,0,1,1
1137,0,1,-1,0,1,1,0,1,1,0,1,1,0,1,1
1138,0,1,-1,0,1,1,1,0,0,1,0,0,0,1,1
1139,1,0,0,1,0,0,0,1,1,-1,0,0,0,1,1
1140,0,1,-1,0,1,1,1,0,0,-1,0,0,1,0,0
1155,1,0,0,0,1,-1,0,1,-1,-1,0,0,0,1,-1
1156,1,0,0,0,1,-1,0,1,-1,-1,0,0,1,0,0
1157,1,0,0,0,1,-1,0,1,-1,0,1,1,-1,0,0
1159,1,0,0,0,1,-1,0,1,-1,0,1,-1,0,1,-1
1160,1,0,0,0,1,-1,0,1,-1,0,1,1,1,0,0
1161,1,0,0,0,1,-1,0,1,-1,0,1,-1,1,0,0
1162,1,0,0,0,1,-1,0,1,-1,0,1,1,0,1,-1
1163,1,0,0,0,1,-1,0,1,-1,1,0,0,1,0,0
1195,-1,0,0,0,1,-1,-1,0,0,0,1,1,-1,0,0
1196,-1,0,0,0,1,-1,0,1,-1,0,1,1,0,1,-1
1197,1,0,0,-1,0,0,0,1,-1,0,1,1,0,1,1
1198,1,0,0,0,1,-1,-1,0,0,0,1,1,0,1,-1
1199,1,0,0,0,1,-1,0,1,-1,0,1,1,1,0,0
1200,0,1,-1,0,1,-1,1,0,0,-1,0,0,1,0,0
1202,1,0,0,1,0,0,0,1,-1,1,0,0,1,0,0
1203,1,0,0,0,1,-1,0,1,-1,0,1,-1,1,0,0
1204,1,0,0,1,0,0,1,0,0,1,0,0,1,0,0
1206,0,1,-1,1,0,0,0,1,-1,0,1,1,1,0,0
1207,0,1,-1,0,1,-1,1,0,0,1,0,0,1,0,0
1208,1,0,0,-1,0,0,-1,0,0,0,1,1,-1,0,0
1209,0,1,-1,0,1,-1,0,1,-1,0,1,1,1,0,0
1210,0,1,1,0,1,-1,0,1,-1,0,1,1,1,0,0
1211,0,1,1,0,1,-1,0,1,-1,0,1,1,0,1,-1
1212,1,0,0,-1,0,0,-1,0,0,0,1,-1,-1,0,0
1213,0,1,1,-1,0,0,0,1,1,1,0,0,0,1,-1
1215,1,0,0,-1,0,0,-1,0,0,1,0,0,-1,0,0
1216,0,1,1,-1,0,0,0,1,-1,0,1,-1,0,1,1
1217,-1,0,0,-1,0,0,1,0,0,1,0,0,1,0,0
1218,-1,0,0,-1,0,0,0,1,-1,0,1,-1,0,1,1
1219,0,1,1,-1,0,0,-1,0,0,1,0,0,0,1,1
1220,0,1,1,-1,0,0,1,0,0,1,0,0,-1,0,0
1221,0,1,1,-1,0,0,0,1,-1,1,0,0,1,0,0
1222,0,1,1,-1,0,0,0,1,1,0,1,-1,0,1,-1
1223,0,1,-1,-1,0,0,0,1,1,0,1,1,-1,0,0
1224,1,0,0,-1,0,0,-1,0,0,0,1,-1,0,1,-1
1225,-1,0,0,0,1,1,0,1,1,0,1,-1,0,1,1
1226,0,1,1,0,1,-1,0,1,1,0,1,-1,-1,0,0
1227,0,1,1,0,1,1,0,1,1,0,1,-1,0,1,-1
1228,-1,0,0,-1,0,0,1,0,0,0,1,-1,-1,0,0
1230,0,1,1,-1,0,0,1,0,0,0,1,-1,0,1,1
1231,-1,0,0,0,1,-1,-1,0,0,0,1,-1,1,0,0
1232,0,1,1,1,0,0,0,1,1,0,1,-1,-1,0,0
1233,0,1,1,-1,0,0,-1,0,0,0,1,-1,-1,0,0
1234,-1,0,0,-1,0,0,-1,0,0,1,0,0,1,0,0
1235,-1,0,0,-1,0,0,-1,0,0,0,1,-1,1,0,0
1236,0,1,1,1,0,0,0,1,1,1,0,0,1,0,0
1237,0,1,1,-1,0,0,0,1,1,0,1,-1,0,1,1
1238,0,1,1,0,1,-1,-1,0,0,1,0,0,1,0,0
1239,0,1,1,0,1,1,-1,0,0,0,1,-1,1,0,0
1240,0,1,1,0,1,-1,0,1,1,1,0,0,0,1,1
1242,0,1,1,0,1,1,1,0,0,0,1,-1,1,0,0
1243,-1,0,0,0,1,1,-1,0,0,0,1,-1,0,1,1
1244,-1,0,0,-1,0,0,0,1,-1,0,1,-1,0,1,1
1245,-1,0,0,0,1,1,0,1,1,0,1,-1,1,0,0
1246,-1,0,0,1,0,0,1,0,0,0,1,-1,0,1,-1
1247,0,1,1,0,1,1,0,1,1,0,1,-1,0,1,-1
1248,0,1,1,-1,0,0,1,0,0,1,0,0,0,1,1
1249,0,1,1,0,1,-1,1,0,0,1,0,0,0,1,-1
1250,0,1,1,0,1,1,0,1,1,1,0,0,0,1,1
1251,1,0,0,0,1,1,1,0,0,1,0,0,-1,0,0
1252,0,1,-1,-1,0,0,0,1,1,1,0,0,0,1,-1
1253,1,0,0,1,0,0,1,0,0,1,0,0,-1,0,0
1254,-1,0,0,0,1,1,-1,0,0,1,0,0,1,0,0
1255,0,1,1,-1,0,0,-1,0,0,1,0,0,1,0,0
1256,-1,0,0,0,1,1,-1,0,0,1,0,0,1,0,0
1257,0,1,1,0,1,1,-1,0,0,1,0,0,0,1,-1
1258,-1,0,0,0,1,1,0,1,-1,1,0,0,0,1,-1
1259,-1,0,0,-1,0,0,-1,0,0,1,0,0,1,0,0
1260,0,1,1,0,1,1,0,1,-1,1,0,0,1,0,0
1261,0,1,1,0,1,1,0,1,-1,1,0,0,1,0,0
1262,-1,0,0,0,1,1,-1,0,0,1,0,0,1,0,0
1263,0,1,1,0,1,1,0,1,-1,1,0,0,1,0,0
1264,0,1,1,-1,0,0,0,1,1,1,0,0,0,1,-1
1265,-1,0,0,0,1,1,1,0,0,1,0,0,0,1,-1
1266,0,1,-1,0,1,-1,0,1,1,1,0,0,1,0,0
1267,0,1,1,-1,0,0,1,0,0,1,0,0,1,0,0
1268,-1,0,0,0,1,-1,0,1,1,1,0,0,0,1,1
1269,-1,0,0,0,1,1,1,0,0,-1,0,0,1,0,0
1270,0,1,-1,0,1,1,0,1,1,-1,0,0,0,1,-1
1271,-1,0,0,-1,0,0,0,1,1,-1,0,0,1,0,0
1272,0,1,-1,0,1,1,1,0,0,-1,0,0,0,1,-1
1273,1,0,0,-1,0,0,0,1,1,0,1,-1,1,0,0
1274,0,1,-1,-1,0,0,0,1,1,0,1,-1,1,0,0
1275,0,1,-1,-1,0,0,1,0,0,1,0,0,0,1,-1
1276,1,0,0,-1,0,0,0,1,1,0,1,-1,1,0,0
1278,0,1,-1,-1,0,0,1,0,0,0,1,-1,0,1,-1
1279,0,1,1,-1,0,0,1,0,0,1,0,0,0,1,-1
1280,0,1,1,-1,0,0,1,0,0,1,0,0,0,1,-1
1281,-1,0,0,-1,0,0,0,1,1,0,1,-1,1,0,0
1283,1,0,0,-1,0,0,0,1,1,0,1,1,0,1,-1
1284,1,0,0,0,1,-1,0,1,-1,0,1,1,0,1,-1
1285,-1,0,0,0,1,-1,0,1,-1,0,1,1,-1,0,0
1286,-1,0,0,0,1,-1,0,1,-1,-1,0,0,0,1,-1
1287,0,1,-1,-1,0,0,0,1,-1,-1,0,0,1,0,0
1288,-1,0,0,0,1,-1,-1,0,0,-1,0,0,1,0,0
1289,1,0,0,-1,0,0,1,0,0,0,1,1,0,1,1
1290,1,0,0,0,1,-1,0,1,-1,0,1,1,1,0,0
1291,-1,0,0,0,1,1,0,1,1,-1,0,0,0,1,-1
1292,-1,0,0,0,1,1,0,1,1,-1,0,0,1,0,0
1293,0,1,-1,0,1,1,0,1,1,-1,0,0,0,1,-1
1294,-1,0,0,-1,0,0,0,1,1,-1,0,0,0,1,-1
1303,-1,0,0,0,1,1,0,1,-1,0,1,1,0,1,1
1304,-1,0,0,0,1,1,-1,0,0,0,1,1,0,1,-1
1305,0,1,1,-1,0,0,-1,0,0,1,0,0,0,1,1
1306,0,1,1,0,1,1,0,1,-1,1,0,0,0,1,1
1307,-1,0,0,-1,0,0,-1,0,0,0,1,-1,0,1,1
1308,-1,0,0,1,0,0,-1,0,0,0,1,1,0,1,-1
1309,-1,0,0,-1,0,0,-1,0,0,1,0,0,0,1,-1
1310,-1,0,0,1,0,0,-1,0,0,0,1,1,0,1,-1
1311,-1,0,0,1,0,0,-1,0,0,0,1,1,0,1,-1
1312,-1,0,0,1,0,0,-1,0,0,0,1,1,0,1,-1
1313,-1,0,0,0,1,1,-1,0,0,0,1,1,0,1,-1
1314,0,1,1,-1,0,0,0,1,-1,-1,0,0,1,0,0
1315,0,1,1,-1,0,0,0,1,-1,1,0,0,0,1,-1
1316,-1,0,0,-1,0,0,-1,0,0,-1,0,0,-1,0,0
1317,0,1,1,0,1,1,-1,0,0,0,1,-1,0,1,1
1318,0,1,1,0,1,1,0,1,1,0,1,-1,-1,0,0
1319,1,0,0,0,1,1,0,1,1,1,0,0,1,0,0
1320,0,1,-1,0,1,-1,1,0,0,1,0,0,0,1,-1
1321,0,1,1,0,1,-1,0,1,1,1,0,0,-1,0,0
1322,0,1,1,0,1,-1,0,1,-1,1,0,0,-1,0,0
1323,1,0,0,0,1,-1,-1,0,0,1,0,0,-1,0,0
1324,0,1,-1,0,1,-1,0,1,-1,1,0,0,-1,0,0
1325,0,1,-1,0,1,-1,1,0,0,1,0,0,0,1,-1
1326,0,1,-1,0,1,-1,1,0,0,1,0,0,-1,0,0
1327,1,0,0,0,1,-1,0,1,-1,1,0,0,-1,0,0
1328,0,1,-1,0,1,-1,1,0,0,1,0,0,-1,0,0
1329,1,0,0,0,1,-1,0,1,1,1,0,0,1,0,0
1330,1,0,0,1,0,0,0,1,1,0,1,-1,1,0,0
1331,0,1,1,1,0,0,0,1,1,1,0,0,1,0,0
1332,0,1,1,1,0,0,0,1,1,1,0,0,1,0,0
1333,0,1,1,0,1,-1,-1,0,0,-1,0,0,0,1,1
1334,-1,0,0,0,1,-1,-1,0,0,1,0,0,-1,0,0
1335,0,1,1,1,0,0,0,1,-1,0,1,-1,-1,0,0
1336,0,1,1,0,1,-1,-1,0,0,-1,0,0,1,0,0
1337,-1,0,0,1,0,0,-1,0,0,-1,0,0,1,0,0
1338,0,1,1,0,1,-1,0,1,-1,0,1,-1,-1,0,0
1339,-1,0,0,1,0,0,-1,0,0,1,0,0,-1,0,0
1340,0,1,1,1,0,0,-1,0,0,-1,0,0,0,1,-1
1341,-1,0,0,1,0,0,0,1,-1,0,1,1,-1,0,0
1342,0,1,1,0,1,-1,0,1,1,0,1,-1,1,0,0
1343,1,0,0,0,1,-1,0,1,1,1,0,0,1,0,0
1344,0,1,1,1,0,0,0,1,1,0,1,-1,1,0,0
1345,1,0,0,0,1,-1,0,1,1,1,0,0,1,0,0
1346,-1,0,0,-1,0,0,1,0,0,-1,0,0,0,1,1
1347,-1,0,0,-1,0,0,1,0,0,0,1,-1,-1,0,0
1348,-1,0,0,-1,0,0,1,0,0,0,1,-1,0,1,1
1349,-1,0,0,-1,0,0,1,0,0,-1,0,0,0,1,1
1350,-1,0,0,0,1,-1,1,0,0,0,1,-1,0,1,1
1351,-1,0,0,1,0,0,1,0,0,-1,0,0,0,1,1
1352,0,1,1,0,1,1,0,1,-1,0,1,-1,-1,0,0
1353,0,1,1,1,0,0,0,1,-1,-1,0,0,0,1,1
1354,0,1,1,0,1,1,0,1,-1,-1,0,0,0,1,1
1355,-1,0,0,0,1,1,0,1,-1,0,1,-1,-1,0,0
1357,0,1,1,1,0,0,0,1,-1,0,1,-1,0,1,1
1358,-1,0,0,0,1,1,0,1,-1,-1,0,0,0,1,1
1359,0,1,1,1,0,0,0,1,-1,-1,0,0,-1,0,0
1360,0,1,1,0,1,1,0,1,-1,0,1,-1,-1,0,0
1361,0,1,1,0,1,1,0,1,-1,0,1,-1,-1,0,0
1362,-1,0,0,1,0,0,0,1,-1,0,1,-1,-1,0,0
1364,-1,0,0,-1,0,0,1,0,0,-1,0,0,-1,0,0
1365,-1,0,0,1,0,0,1,0,0,0,1,-1,0,1,1
1366,-1,0,0,1,0,0,1,0,0,-1,0,0,-1,0,0
1367,-1,0,0,-1,0,0,1,0,0,-1,0,0,0,1,1
1368,0,1,-1,0,1,-1,0,1,1,0,1,-1,1,0,0
1369,0,1,-1,0,1,-1,0,1,1,0,1,-1,0,1,1
1370,0,1,-1,0,1,-1,0,1,1,0,1,-1,0,1,1
1371,0,1,-1,0,1,-1,0,1,1,0,1,-1,1,0,0
1372,0,1,-1,1,0,0,0,1,1,-1,0,0,-1,0,0
1373,0,1,-1,0,1,-1,0,1,1,1,0,0,-1,0,0
1374,0,1,-1,0,1,1,-1,0,0,1,0,0,-1,0,0
1375,0,1,-1,0,1,-1,-1,0,0,0,1,-1,-1,0,0
1376,0,1,-1,-1,0,0,0,1,1,0,1,1,-1,0,0
1377,0,1,-1,1,0,0,0,1,1,-1,0,0,-1,0,0
1378,0,1,-1,0,1,1,-1,0,0,0,1,1,-1,0,0
1379,0,1,-1,-1,0,0,-1,0,0,0,1,1,-1,0,0
1380,0,1,-1,0,1,-1,0,1,-1,0,1,-1,1,0,0
1381,0,1,-1,0,1,-1,-1,0,0,0,1,-1,1,0,0
1382,0,1,-1,0,1,-1,0,1,-1,0,1,-1,1,0,0
1383,0,1,-1,0,1,-1,-1,0,0,0,1,-1,0,1,1
1384,0,1,1,-1,0,0,1,0,0,0,1,-1,0,1,-1
1385,0,1,1,0,1,1,1,0,0,0,1,-1,0,1,-1
1386,0,1,1,0,1,1,0,1,-1,0,1,-1,0,1,-1
1387,0,1,1,-1,0,0,0,1,-1,0,1,-1,0,1,-1
1388,0,1,1,-1,0,0,0,1,-1,1,0,0,0,1,-1
1389,1,0,0,1,0,0,0,1,1,-1,0,0,-1,0,0
1390,-1,0,0,-1,0,0,0,1,1,-1,0,0,0,1,1
1391,1,0,0,0,1,-1,0,1,-1,-1,0,0,-1,0,0
1392,-1,0,0,0,1,-1,1,0,0,0,1,-1,0,1,1
1393,0,1,-1,0,1,-1,1,0,0,0,1,-1,0,1,1
1394,1,0,0,-1,0,0,0,1,1,-1,0,0,-1,0,0
1395,1,0,0,0,1,-1,-1,0,0,-1,0,0,-1,0,0
1396,-1,0,0,0,1,-1,-1,0,0,-1,0,0,-1,0,0
1397,0,1,1,0,1,-1,0,1,1,0,1,-1,-1,0,0
1398,0,1,1,-1,0,0,0,1,-1,1,0,0,0,1,-1
1400,0,1,1,0,1,1,0,1,-1,1,0,0,0,1,-1
1401,0,1,1,-1,0,0,0,1,-1,0,1,-1,0,1,-1
1402,1,0,0,1,0,0,1,0,0,0,1,-1,-1,0,0
1403,1,0,0,0,1,-1,0,1,-1,1,0,0,0,1,-1
1404,-1,0,0,1,0,0,0,1,-1,1,0,0,0,1,1
1405,-1,0,0,1,0,0,0,1,-1,0,1,1,0,1,1
1406,-1,0,0,0,1,-1,0,1,-1,0,1,1,-1,0,0
1407,-1,0,0,1,0,0,0,1,-1,0,1,1,0,1,1
1408,-1,0,0,1,0,0,0,1,-1,0,1,1,0,1,1
1409,-1,0,0,1,0,0,0,1,-1,0,1,1,-1,0,0
1410,-1,0,0,1,0,0,0,1,-1,1,0,0,0,1,1
1411,-1,0,0,1,0,0,0,1,-1,0,1,1,-1,0,0
1412,-1,0,0,0,1,-1,0,1,-1,1,0,0,0,1,1
1413,-1,0,0,1,0,0,0,1,-1,0,1,1,0,1,1
1414,-1,0,0,1,0,0,0,1,-1,1,0,0,-1,0,0
1415,-1,0,0,1,0,0,0,1,-1,0,1,1,0,1,1
1416,0,1,1,0,1,-1,1,0,0,0,1,-1,-1,0,0
1417,1,0,0,0,1,-1,1,0,0,1,0,0,0,1,-1
1418,1,0,0,1,0,0,0,1,-1,0,1,-1,0,1,-1
1419,1,0,0,0,1,-1,1,0,0,1,0,0,-1,0,0
1420,1,0,0,0,1,-1,-1,0,0,0,1,1,1,0,0
1421,0,1,1,0,1,1,-1,0,0,1,0,0,0,1,1
1422,0,1,1,0,1,-1,-1,0,0,0,1,1,0,1,1
1423,-1,0,0,-1,0,0,-1,0,0,0,1,1,1,0,0
1424,0,1,-1,0,1,1,-1,0,0,1,0,0,1,0,0
1425,0,1,-1,-1,0,0,-1,0,0,1,0,0,1,0,0
1426,0,1,-1,-1,0,0,0,1,-1,0,1,1,0,1,1
1427,0,1,-1,-1,0,0,1,0,0,1,0,0,0,1,1
1428,0,1,-1,-1,0,0,0,1,-1,0,1,1,1,0,0
1429,0,1,-1,-1,0,0,-1,0,0,1,0,0,-1,0,0
1431,0,1,-1,-1,0,0,1,0,0,0,1,1,-1,0,0
1432,1,0,0,1,0,0,-1,0,0,1,0,0,1,0,0
1433,0,1,1,0,1,1,-1,0,0,0,1,1,0,1,1
1434,0,1,1,-1,0,0,-1,0,0,1,0,0,0,1,1
1435,-1,0,0,0,1,-1,-1,0,0,0,1,1,0,1,1
1436,-1,0,0,-1,0,0,-1,0,0,1,0,0,0,1,1
1459,0,1,1,-1,0,0,0,1,1,1,0,0,1,0,0
1460,0,1,1,-1,0,0,0,1,1,1,0,0,0,1,-1
1461,0,1,1,-1,0,0,0,1,1,0,1,1,1,0,0
1462,0,1,-1,0,1,1,1,0,0,1,0,0,1,0,0
1463,0,1,-1,0,1,1,0,1,-1,1,0,0,1,0,0
1465,-1,0,0,0,1,-1,1,0,0,1,0,0,1,0,0
1466,0,1,1,-1,0,0,0,1,1,0,1,1,1,0,0
1467,-1,0,0,-1,0,0,0,1,1,1,0,0,1,0,0
1468,1,0,0,0,1,-1,-1,0,0,0,1,-1,0,1,-1
1469,0,1,1,0,1,-1,-1,0,0,0,1,-1,-1,0,0
1470,0,1,1,1,0,0,-1,0,0,-1,0,0,-1,0,0
1471,1,0,0,-1,0,0,-1,0,0,-1,0,0,-1,0,0
1472,1,0,0,0,1,1,-1,0,0,-1,0,0,0,1,-1
1473,1,0,0,0,1,-1,-1,0,0,0,1,-1,0,1,-1
1474,1,0,0,0,1,1,-1,0,0,0,1,-1,0,1,-1
1475,0,1,1,0,1,1,-1,0,0,-1,0,0,0,1,-1
1476,1,0,0,0,1,1,-1,0,0,0,1,-1,0,1,-1
1477,1,0,0,0,1,-1,-1,0,0,1,0,0,1,0,0
1478,1,0,0,1,0,0,-1,0,0,0,1,-1,-1,0,0
1479,1,0,0,0,1,1,0,1,1,0,1,1,0,1,-1
1480,0,1,-1,0,1,1,0,1,1,-1,0,0,0,1,-1
1481,0,1,-1,0,1,1,0,1,1,0,1,1,0,1,-1
1482,0,1,1,0,1,-1,-1,0,0,0,1,1,0,1,-1
1483,0,1,1,0,1,1,-1,0,0,0,1,1,0,1,-1
1484,0,1,1,-1,0,0,-1,0,0,0,1,1,0,1,-1
1485,0,1,1,0,1,1,0,1,1,0,1,-1,1,0,0
1487,0,1,-1,1,0,0,1,0,0,0,1,-1,0,1,-1
1488,0,1,-1,1,0,0,0,1,1,1,0,0,-1,0,0
1489,0,1,1,1,0,0,0,1,1,0,1,-1,0,1,-1
1490,-1,0,0,0,1,1,1,0,0,0,1,-1,0,1,-1
1491,-1,0,0,0,1,1,1,0,0,0,1,-1,1,0,0
1492,1,0,0,1,0,0,1,0,0,1,0,0,1,0,0
1493,-1,0,0,1,0,0,1,0,0,0,1,-1,0,1,1
1494,1,0,0,0,1,1,0,1,1,-1,0,0,0,1,-1
1495,1,0,0,0,1,1,0,1,1,-1,0,0,0,1,-1
1496,1,0,0,0,1,1,0,1,1,0,1,1,0,1,-1
1497,0,1,1,-1,0,0,-1,0,0,0,1,1,0,1,-1
1498,0,1,1,0,1,1,0,1,-1,0,1,1,-1,0,0
1499,0,1,1,1,0,0,-1,0,0,0,1,1,-1,0,0
1501,0,1,1,-1,0,0,0,1,-1,0,1,1,0,1,-1
1502,0,1,-1,0,1,1,1,0,0,1,0,0,-1,0,0
1503,1,0,0,1,0,0,1,0,0,0,1,-1,1,0,0
1504,0,1,-1,0,1,1,1,0,0,0,1,-1,1,0,0
1505,0,1,-1,0,1,1,0,1,1,0,1,1,0,1,-1
1506,0,1,-1,0,1,1,1,0,0,0,1,1,0,1,1
1508,1,0,0,0,1,1,0,1,1,0,1,-1,-1,0,0
1509,0,1,1,0,1,1,-1,0,0,0,1,-1,-1,0,0
1510,1,0,0,1,0,0,0,1,1,0,1,-1,-1,0,0
1511,0,1,1,1,0,0,-1,0,0,0,1,-1,0,1,1
1512,0,1,1,1,0,0,0,1,-1,0,1,-1,-1,0,0
1513,0,1,1,0,1,1,1,0,0,0,1,-1,0,1,1
1514,0,1,1,1,0,0,0,1,1,0,1,-1,-1,0,0
1515,0,1,1,0,1,1,0,1,1,0,1,-1,0,1,1
1516,0,1,1,1,0,0,-1,0,0,0,1,-1,-1,0,0
1517,0,1,-1,1,0,0,0,1,1,1,0,0,-1,0,0
1518,0,1,-1,0,1,1,1,0,0,0,1,1,0,1,-1
1519,0,1,-1,0,1,1,0,1,1,1,0,0,0,1,1
1520,1,0,0,0,1,1,0,1,-1,-1,0,0,0,1,-1
1521,-1,0,0,0,1,1,-1,0,0,1,0,0,-1,0,0
1522,-1,0,0,0,1,-1,1,0,0,1,0,0,-1,0,0
1523,-1,0,0,0,1,1,-1,0,0,1,0,0,0,1,-1
1524,0,1,-1,0,1,-1,0,1,1,0,1,-1,1,0,0
1525,-1,0,0,0,1,1,0,1,-1,0,1,-1,0,1,-1
1526,1,0,0,-1,0,0,0,1,1,0,1,1,0,1,1
1527,0,1,-1,0,1,-1,0,1,1,0,1,-1,-1,0,0
1528,0,1,-1,-1,0,0,0,1,1,1,0,0,0,1,-1
1529,0,1,-1,0,1,-1,0,1,1,0,1,1,0,1,-1
1530,0,1,-1,0,1,-1,0,1,-1,1,0,0,0,1,1
1532,-1,0,0,1,0,0,1,0,0,1,0,0,0,1,1
1533,-1,0,0,1,0,0,-1,0,0,0,1,1,0,1,1
1534,0,1,-1,1,0,0,0,1,-1,-1,0,0,0,1,-1
1536,0,1,-1,0,1,1,0,1,1,-1,0,0,1,0,0
1537,0,1,-1,0,1,1,0,1,1,-1,0,0,1,0,0
1538,0,1,-1,0,1,-1,0,1,1,-1,0,0,0,1,-1
1539,0,1,-1,-1,0,0,0,1,1,-1,0,0,0,1,-1
1540,-1,0,0,0,1,1,1,0,0,-1,0,0,0,1,1
1541,1,0,0,0,1,1,1,0,0,-1,0,0,0,1,1
1542,-1,0,0,0,1,1,1,0,0,-1,0,0,0,1,1
1543,0,1,-1,0,1,1,1,0,0,-1,0,0,0,1,-1
1544,0,1,-1,1,0,0,-1,0,0,0,1,-1,0,1,1
1545,0,1,-1,-1,0,0,-1,0,0,0,1,-1,-1,0,0
1546,0,1,-1,1,0,0,-1,0,0,1,0,0,0,1,1
1547,0,1,-1,0,1,-1,-1,0,0,0,1,1,0,1,1
1548,0,1,-1,0,1,1,-1,0,0,0,1,-1,-1,0,0
1549,0,1,-1,0,1,1,-1,0,0,0,1,1,0,1,1
1550,0,1,-1,0,1,-1,-1,0,0,-1,0,0,0,1,1
1551,0,1,-1,1,0,0,-1,0,0,0,1,1,-1,0,0
1556,-1,0,0,1,0,0,-1,0,0,1,0,0,-1,0,0
1557,0,1,-1,0,1,-1,0,1,-1,1,0,0,-1,0,0
1558,0,1,-1,0,1,-1,0,1,-1,1,0,0,0,1,1
1559,0,1,-1,1,0,0,0,1,-1,0,1,1,0,1,1
1560,-1,0,0,0,1,-1,0,1,-1,0,1,1,0,1,1
1561,0,1,-1,1,0,0,1,0,0,1,0,0,-1,0,0
1562,-1,0,0,0,1,-1,0,1,-1,1,0,0,-1,0,0
1563,0,1,-1,0,1,1,-1,0,0,1,0,0,0,1,1
1564,0,1,-1,-1,0,0,-1,0,0,-1,0,0,0,1,1
1565,0,1,-1,0,1,-1,-1,0,0,1,0,0,-1,0,0
1566,0,1,-1,-1,0,0,-1,0,0,0,1,1,-1,0,0
1567,-1,0,0,-1,0,0,-1,0,0,-1,0,0,0,1,1
1568,0,1,-1,0,1,-1,-1,0,0,-1,0,0,0,1,1
1569,0,1,1,-1,0,0,0,1,1,1,0,0,-1,0,0
1570,0,1,1,0,1,1,-1,0,0,0,1,-1,-1,0,0
1571,0,1,1,0,1,-1,-1,0,0,0,1,1,-1,0,0
1572,-1,0,0,-1,0,0,0,1,1,-1,0,0,-1,0,0
1573,-1,0,0,0,1,1,0,1,1,0,1,1,-1,0,0
1574,-1,0,0,0,1,1,0,1,1,-1,0,0,-1,0,0
1575,0,1,1,0,1,1,0,1,1,0,1,1,-1,0,0
1576,0,1,1,0,1,1,1,0,0,-1,0,0,-1,0,0
1577,0,1,1,0,1,1,0,1,1,-1,0,0,-1,0,0
1578,-1,0,0,0,1,1,1,0,0,0,1,1,-1,0,0
1579,0,1,1,0,1,1,0,1,1,-1,0,0,-1,0,0
1581,0,1,-1,0,1,1,0,1,1,-1,0,0,0,1,-1
1582,0,1,-1,0,1,1,0,1,1,-1,0,0,-1,0,0
1583,-1,0,0,0,1,1,1,0,0,0,1,1,-1,0,0
1584,-1,0,0,1,0,0,0,1,1,0,1,1,0,1,-1
1585,0,1,-1,1,0,0,0,1,1,0,1,1,-1,0,0
1586,-1,0,0,-1,0,0,1,0,0,-1,0,0,0,1,-1
1587,-1,0,0,0,1,-1,1,0,0,-1,0,0,0,1,-1
1588,0,1,-1,-1,0,0,0,1,1,-1,0,0,0,1,1
1589,0,1,-1,0,1,-1,0,1,1,0,1,1,0,1,1
1590,-1,0,0,-1,0,0,-1,0,0,0,1,-1,0,1,1
1591,-1,0,0,0,1,-1,0,1,1,-1,0,0,1,0,0
1592,-1,0,0,0,1,-1,-1,0,0,-1,0,0,1,0,0
1593,-1,0,0,0,1,-1,-1,0,0,-1,0,0,1,0,0
1594,-1,0,0,0,1,-1,0,1,1,0,1,1,1,0,0
1595,0,1,-1,0,1,-1,-1,0,0,1,0,0,0,1,-1
1596,-1,0,0,0,1,-1,-1,0,0,1,0,0,0,1,-1
1597,1,0,0,0,1,-1,-1,0,0,1,0,0,0,1,-1
1598,0,1,1,0,1,-1,-1,0,0,1,0,0,-1,0,0
1599,-1,0,0,0,1,-1,-1,0,0,1,0,0,0,1,-1
1600,0,1,1,1,0,0,-1,0,0,0,1,1,-1,0,0
1601,1,0,0,0,1,-1,-1,0,0,1,0,0,0,1,-1
1602,1,0,0,0,1,-1,-1,0,0,1,0,0,0,1,-1
1603,0,1,-1,1,0,0,-1,0,0,0,1,1,-1,0,0
1604,0,1,1,0,1,-1,-1,0,0,0,1,1,0,1,-1
1605,-1,0,0,0,1,-1,0,1,1,0,1,1,1,0,0
1606,-1,0,0,-1,0,0,-1,0,0,-1,0,0,1,0,0
1607,-1,0,0,0,1,-1,-1,0,0,-1,0,0,1,0,0
1608,-1,0,0,0,1,-1,-1,0,0,0,1,1,1,0,0
1609,-1,0,0,0,1,-1,-1,0,0,-1,0,0,1,0,0
1610,0,1,1,1,0,0,0,1,1,1,0,0,0,1,-1
1611,0,1,1,1,0,0,0,1,1,0,1,1,0,1,-1
1612,0,1,1,1,0,0,0,1,1,0,1,1,0,1,-1
1613,1,0,0,1,0,0,0,1,1,1,0,0,0,1,-1
1614,1,0,0,1,0,0,0,1,1,0,1,1,0,1,-1
1615,1,0,0,0,1,-1,-1,0,0,1,0,0,0,1,1
1616,0,1,1,1,0,0,0,1,-1,0,1,-1,0,1,1
1617,1,0,0,1,0,0,0,1,-1,1,0,0,0,1,1
1618,-1,0,0,1,0,0,1,0,0,0,1,-1,0,1,1
1619,1,0,0,1,0,0,0,1,1,0,1,1,0,1,-1
1620,0,1,1,1,0,0,0,1,1,0,1,1,0,1,-1
1621,0,1,1,1,0,0,0,1,1,-1,0,0,0,1,-1
1622,1,0,0,1,0,0,0,1,1,1,0,0,0,1,-1
1623,1,0,0,0,1,-1,-1,0,0,1,0,0,0,1,1
1624,-1,0,0,1,0,0,0,1,1,1,0,0,0,1,1
1625,0,1,1,0,1,-1,0,1,1,0,1,-1,0,1,1
1626,0,1,-1,0,1,-1,-1,0,0,1,0,0,0,1,1
1627,0,1,-1,1,0,0,0,1,-1,1,0,0,0,1,1
1628,-1,0,0,0,1,1,-1,0,0,0,1,1,0,1,-1
1629,-1,0,0,0,1,1,-1,0,0,0,1,1,0,1,-1
1630,0,1,-1,-1,0,0,0,1,1,-1,0,0,-1,0,0
1631,0,1,-1,1,0,0,-1,0,0,0,1,1,1,0,0
1632,0,1,-1,1,0,0,0,1,1,-1,0,0,1,0,0
1633,1,0,0,1,0,0,0,1,1,0,1,1,1,0,0
1634,1,0,0,1,0,0,-1,0,0,-1,0,0,0,1,1
1635,1,0,0,1,0,0,-1,0,0,0,1,1,0,1,1
1637,1,0,0,1,0,0,-1,0,0,-1,0,0,0,1,1
1638,1,0,0,1,0,0,0,1,1,0,1,1,1,0,0
1639,0,1,-1,1,0,0,0,1,1,0,1,1,1,0,0
1640,-1,0,0,0,1,1,0,1,1,1,0,0,0,1,-1
1641,0,1,-1,0,1,1,-1,0,0,1,0,0,0,1,-1
1642,0,1,-1,-1,0,0,-1,0,0,-1,0,0,-1,0,0
1643,0,1,-1,0,1,1,0,1,1,1,0,0,-1,0,0
1644,1,0,0,1,0,0,0,1,-1,1,0,0,0,1,-1
1645,0,1,1,1,0,0,0,1,-1,0,1,-1,0,1,-1
1646,-1,0,0,0,1,1,0,1,-1,1,0,0,-1,0,0
1647,-1,0,0,0,1,1,0,1,-1,-1,0,0,1,0,0
1648,-1,0,0,0,1,1,0,1,-1,-1,0,0,0,1,-1
1649,-1,0,0,0,1,1,-1,0,0,0,1,-1,0,1,-1
1650,-1,0,0,0,1,1,0,1,-1,1,0,0,1,0,0
1651,-1,0,0,1,0,0,-1,0,0,0,1,-1,0,1,1
1652,0,1,1,1,0,0,0,1,-1,1,0,0,0,1,-1
1653,0,1,1,1,0,0,1,0,0,1,0,0,0,1,-1
1654,0,1,1,1,0,0,1,0,0,1,0,0,0,1,-1
1655,0,1,1,1,0,0,1,0,0,1,0,0,0,1,-1
1656,0,1,1,1,0,0,1,0,0,1,0,0,0,1,-1
1657,-1,0,0,1,0,0,1,0,0,1,0,0,0,1,-1
1658,-1,0,0,1,0,0,1,0,0,1,0,0,0,1,-1
1659,0,1,1,1,0,0,1,0,0,1,0,0,0,1,-1
1660,-1,0,0,1,0,0,1,0,0,1,0,0,0,1,-1
1661,0,1,1,1,0,0,1,0,0,1,0,0,0,1,-1
1662,0,1,1,1,0,0,1,0,0,1,0,0,0,1,-1
1663,0,1,1,1,0,0,0,1,-1,0,1,1,0,1,-1
1664,0,1,1,1,0,0,0,1,-1,0,1,-1,-1,0,0
1666,0,1,1,1,0,0,0,1,-1,0,1,-1,-1,0,0
1667,-1,0,0,1,0,0,0,1,-1,-1,0,0,0,1,-1
1668,-1,0,0,0,1,1,-1,0,0,0,1,1,0,1,-1
1669,-1,0,0,-1,0,0,-1,0,0,1,0,0,-1,0,0
1670,0,1,-1,-1,0,0,-1,0,0,0,1,1,1,0,0
1671,0,1,-1,-1,0,0,-1,0,0,0,1,1,0,1,-1
1672,0,1,-1,0,1,-1,0,1,1,0,1,1,0,1,1
1673,0,1,-1,0,1,-1,1,0,0,-1,0,0,0,1,1
1674,0,1,-1,0,1,-1,0,1,1,0,1,1,0,1,1
1675,0,1,-1,0,1,-1,1,0,0,-1,0,0,0,1,1
1676,1,0,0,0,1,-1,0,1,1,0,1,1,0,1,1
1677,1,0,0,0,1,-1,1,0,0,-1,0,0,0,1,1
1678,0,1,-1,0,1,-1,0,1,1,0,1,1,0,1,1
1679,0,1,-1,-1,0,0,0,1,1,-1,0,0,0,1,1
1680,0,1,-1,0,1,-1,0,1,1,0,1,1,0,1,1
1681,0,1,-1,-1,0,0,0,1,1,-1,0,0,0,1,1
1683,0,1,-1,-1,0,0,-1,0,0,0,1,1,1,0,0
1684,0,1,-1,0,1,1,-1,0,0,0,1,1,0,1,-1
1685,0,1,-1,0,1,1,-1,0,0,1,0,0,0,1,1
1687,0,1,-1,0,1,-1,1,0,0,-1,0,0,0,1,1
1688,0,1,-1,0,1,-1,0,1,-1,-1,0,0,0,1,1
1689,1,0,0,0,1,1,1,0,0,-1,0,0,-1,0,0
1690,0,1,-1,-1,0,0,1,0,0,-1,0,0,0,1,-1
1691,0,1,-1,1,0,0,1,0,0,0,1,-1,-1,0,0
1692,0,1,-1,0,1,1,1,0,0,0,1,-1,1,0,0
1693,0,1,-1,-1,0,0,1,0,0,-1,0,0,0,1,1
1694,0,1,1,0,1,-1,0,1,-1,1,0,0,1,0,0
1695,0,1,1,0,1,-1,0,1,-1,1,0,0,0,1,-1
1696,0,1,1,-1,0,0,0,1,-1,0,1,1,0,1,-1
1697,1,0,0,0,1,-1,0,1,-1,0,1,-1,0,1,-1
1698,0,1,1,0,1,-1,0,1,-1,0,1,-1,0,1,-1
1699,1,0,0,1,0,0,-1,0,0,0,1,-1,0,1,1
1700,0,1,1,-1,0,0,0,1,-1,1,0,0,-1,0,0
1701,0,1,1,1,0,0,0,1,-1,0,1,1,0,1,1
1702,0,1,1,1,0,0,-1,0,0,0,1,1,0,1,-1
1703,0,1,1,0,1,-1,-1,0,0,0,1,-1,0,1,1
1704,-1,0,0,1,0,0,-1,0,0,1,0,0,1,0,0
1705,-1,0,0,1,0,0,-1,0,0,1,0,0,1,0,0
1706,0,1,1,0,1,-1,0,1,-1,1,0,0,1,0,0
1707,0,1,1,1,0,0,-1,0,0,1,0,0,1,0,0
1708,0,1,1,0,1,-1,-1,0,0,1,0,0,1,0,0
1709,0,1,1,1,0,0,0,1,-1,1,0,0,1,0,0
1710,-1,0,0,-1,0,0,0,1,1,-1,0,0,-1,0,0
1711,0,1,1,1,0,0,1,0,0,-1,0,0,-1,0,0
1712,-1,0,0,0,1,1,1,0,0,0,1,-1,-1,0,0
1713,-1,0,0,0,1,1,0,1,1,-1,0,0,-1,0,0
1714,-1,0,0,1,0,0,0,1,1,-1,0,0,-1,0,0
1715,0,1,1,0,1,-1,0,1,1,0,1,-1,-1,0,0
1718,0,1,1,-1,0,0,0,1,1,0,1,-1,0,1,1
1719,-1,0,0,-1,0,0,0,1,1,-1,0,0,0,1,1
1720,0,1,1,-1,0,0,-1,0,0,1,0,0,0,1,1
1721,0,1,1,-1,0,0,0,1,-1,1,0,0,-1,0,0
1722,1,0,0,0,1,-1,0,1,-1,1,0,0,-1,0,0
1723,0,1,1,-1,0,0,-1,0,0,1,0,0,-1,0,0
1724,0,1,1,0,1,-1,0,1,-1,1,0,0,0,1,1
1725,0,1,1,-1,0,0,-1,0,0,1,0,0,-1,0,0
1727,0,1,1,0,1,-1,0,1,-1,1,0,0,0,1,1
1729,-1,0,0,1,0,0,-1,0,0,1,0,0,1,0,0
1730,0,1,1,0,1,-1,0,1,-1,1,0,0,1,0,0
1731,-1,0,0,0,1,-1,-1,0,0,1,0,0,1,0,0
1732,0,1,-1,-1,0,0,-1,0,0,1,0,0,-1,0,0
1734,-1,0,0,0,1,1,-1,0,0,0,1,-1,0,1,1
1735,-1,0,0,0,1,-1,-1,0,0,1,0,0,0,1,-1
1736,-1,0,0,1,0,0,-1,0,0,1,0,0,0,1,1
1737,0,1,-1,0,1,-1,-1,0,0,0,1,1,0,1,-1
1738,-1,0,0,1,0,0,1,0,0,0,1,1,0,1,1
1739,0,1,-1,1,0,0,-1,0,0,0,1,-1,0,1,1
1740,-1,0,0,-1,0,0,-1,0,0,-1,0,0,0,1,1
1741,0,1,-1,0,1,1,-1,0,0,0,1,-1,1,0,0
1742,0,1,-1,1,0,0,-1,0,0,0,1,-1,1,0,0
1743,-1,0,0,1,0,0,-1,0,0,-1,0,0,0,1,1
1745,0,1,-1,-1,0,0,-1,0,0,0,1,-1,0,1,1
1746,0,1,-1,1,0,0,-1,0,0,0,1,-1,1,0,0
1747,-1,0,0,-1,0,0,-1,0,0,-1,0,0,1,0,0
1748,-1,0,0,0,1,-1,-1,0,0,-1,0,0,1,0,0
1749,-1,0,0,1,0,0,-1,0,0,-1,0,0,0,1,1
1750,-1,0,0,1,0,0,-1,0,0,-1,0,0,1,0,0
1751,0,1,-1,-1,0,0,-1,0,0,0,1,-1,0,1,1
1752,0,1,-1,0,1,-1,0,1,1,1,0,0,0,1,-1
1754,0,1,-1,0,1,-1,0,1,1,0,1,1,1,0,0
1756,-1,0,0,0,1,-1,0,1,-1,0,1,1,-1,0,0
1757,-1,0,0,1,0,0,0,1,1,0,1,1,0,1,1
1758,-1,0,0,1,0,0,0,1,1,-1,0,0,-1,0,0
1760,0,1,1,1,0,0,-1,0,0,0,1,-1,-1,0,0
1761,-1,0,0,0,1,1,-1,0,0,0,1,-1,-1,0,0
1762,0,1,1,0,1,1,0,1,1,0,1,-1,-1,0,0
1763,0,1,1,1,0,0,-1,0,0,0,1,-1,-1,0,0
1764,0,1,1,0,1,1,-1,0,0,0,1,-1,-1,0,0
1765,0,1,1,0,1,1,-1,0,0,0,1,-1,-1,0,0
1766,-1,0,0,0,1,-1,1,0,0,-1,0,0,-1,0,0
1767,-1,0,0,1,0,0,1,0,0,-1,0,0,0,1,1
1768,-1,0,0,0,1,-1,-1,0,0,0,1,1,-1,0,0
1769,0,1,1,0,1,1,-1,0,0,0,1,-1,0,1,-1
1770,0,1,1,0,1,1,-1,0,0,1,0,0,0,1,-1
1771,0,1,1,0,1,1,-1,0,0,0,1,-1,-1,0,0
1772,0,1,1,0,1,1,-1,0,0,0,1,-1,0,1,-1
1773,0,1,1,0,1,1,-1,0,0,0,1,-1,-1,0,0
1774,0,1,1,0,1,-1,0,1,1,0,1,1,0,1,1
1775,-1,0,0,0,1,-1,0,1,1,0,1,1,-1,0,0
1776,0,1,1,-1,0,0,0,1,1,0,1,1,0,1,1
1777,-1,0,0,0,1,-1,0,1,1,0,1,1,-1,0,0
1778,0,1,1,0,1,-1,0,1,1,0,1,1,-1,0,0
1779,-1,0,0,-1,0,0,0,1,1,0,1,1,-1,0,0
1780,-1,0,0,0,1,-1,0,1,1,0,1,1,-1,0,0
1781,-1,0,0,0,1,-1,0,1,1,0,1,1,-1,0,0
1782,0,1,1,0,1,1,-1,0,0,1,0,0,-1,0,0
1783,0,1,1,0,1,1,-1,0,0,1,0,0,0,1,-1
1784,0,1,1,0,1,1,-1,0,0,1,0,0,0,1,-1
1785,0,1,1,0,1,1,-1,0,0,1,0,0,-1,0,0
1786,-1,0,0,0,1,1,0,1,-1,-1,0,0,0,1,-1
1787,-1,0,0,-1,0,0,-1,0,0,-1,0,0,0,1,-1
1788,-1,0,0,1,0,0,0,1,1,-1,0,0,-1,0,0
1789,-1,0,0,1,0,0,1,0,0,-1,0,0,-1,0,0
1790,-1,0,0,0,1,1,-1,0,0,-1,0,0,-1,0,0
1791,-1,0,0,-1,0,0,-1,0,0,-1,0,0,-1,0,0
1792,-1,0,0,0,1,1,-1,0,0,-1,0,0,0,1,-1
1793,-1,0,0,1,0,0,1,0,0,-1,0,0,0,1,-1
1794,-1,0,0,0,1,-1,0,1,1,-1,0,0,-1,0,0
1795,-1,0,0,-1,0,0,0,1,-1,1,0,0,0,1,1
1796,-1,0,0,-1,0,0,1,0,0,1,0,0,0,1,1
1797,-1,0,0,-1,0,0,1,0,0,1,0,0,0,1,1
1798,1,0,0,1,0,0,-1,0,0,0,1,-1,1,0,0
1799,1,0,0,1,0,0,1,0,0,0,1,-1,0,1,1
1800,0,1,1,0,1,-1,0,1,1,-1,0,0,1,0,0
1801,1,0,0,1,0,0,1,0,0,-1,0,0,-1,0,0
1802,0,1,1,1,0,0,-1,0,0,-1,0,0,0,1,-1
1803,0,1,1,0,1,-1,0,1,1,-1,0,0,0,1,-1
1805,-1,0,0,-1,0,0,0,1,-1,1,0,0,-1,0,0
1806,-1,0,0,-1,0,0,1,0,0,1,0,0,-1,0,0
1807,-1,0,0,1,0,0,0,1,-1,-1,0,0,0,1,1
1808,-1,0,0,1,0,0,0,1,-1,-1,0,0,0,1,1
1809,-1,0,0,0,1,-1,0,1,-1,0,1,1,1,0,0
1810,-1,0,0,1,0,0,0,1,-1,0,1,-1,1,0,0
1811,0,1,-1,0,1,-1,0,1,-1,1,0,0,1,0,0
1812,0,1,-1,0,1,-1,0,1,1,0,1,1,1,0,0
1813,0,1,-1,0,1,-1,-1,0,0,1,0,0,1,0,0
1814,0,1,-1,-1,0,0,1,0,0,0,1,1,1,0,0
1815,0,1,-1,0,1,-1,0,1,-1,0,1,1,1,0,0
1816,0,1,-1,0,1,-1,1,0,0,0,1,1,1,0,0
1817,0,1,-1,-1,0,0,0,1,-1,1,0,0,0,1,1
1818,0,1,-1,0,1,-1,-1,0,0,1,0,0,1,0,0
1819,0,1,-1,0,1,-1,-1,0,0,0,1,1,1,0,0
1820,0,1,-1,0,1,-1,1,0,0,0,1,1,0,1,1
1821,0,1,-1,0,1,-1,0,1,1,1,0,0,1,0,0
1822,-1,0,0,1,0,0,0,1,-1,-1,0,0,1,0,0
1823,-1,0,0,1,0,0,0,1,-1,0,1,-1,0,1,1
1824,-1,0,0,1,0,0,0,1,-1,0,1,-1,0,1,1
1825,-1,0,0,1,0,0,0,1,-1,1,0,0,1,0,0
1826,-1,0,0,1,0,0,0,1,-1,-1,0,0,0,1,1
1827,0,1,1,1,0,0,0,1,-1,1,0,0,0,1,1
1828,1,0,0,1,0,0,0,1,-1,0,1,1,-1,0,0
1829,0,1,1,1,0,0,0,1,1,0,1,1,0,1,-1
1830,0,1,1,1,0,0,0,1,1,-1,0,0,0,1,-1
1831,1,0,0,0,1,-1,0,1,1,0,1,1,0,1,-1
1832,0,1,1,0,1,1,0,1,-1,0,1,-1,-1,0,0
1833,1,0,0,1,0,0,0,1,-1,-1,0,0,0,1,1
1834,1,0,0,1,0,0,0,1,-1,-1,0,0,0,1,1
1835,1,0,0,1,0,0,0,1,-1,1,0,0,-1,0,0
1836,1,0,0,1,0,0,0,1,1,-1,0,0,0,1,-1
1837,0,1,1,1,0,0,0,1,1,-1,0,0,0,1,-1
1838,0,1,1,0,1,1,0,1,-1,0,1,1,0,1,1
1839,0,1,1,0,1,1,1,0,0,1,0,0,0,1,1
1840,1,0,0,1,0,0,0,1,-1,-1,0,0,-1,0,0
1841,1,0,0,1,0,0,0,1,1,-1,0,0,0,1,-1
1842,1,0,0,0,1,1,0,1,-1,1,0,0,-1,0,0
1843,1,0,0,0,1,-1,0,1,1,0,1,1,0,1,-1
1844,0,1,1,0,1,-1,0,1,1,0,1,1,0,1,-1
1845,0,1,1,1,0,0,0,1,1,0,1,1,0,1,-1
1846,0,1,1,-1,0,0,-1,0,0,0,1,-1,0,1,-1
1847,0,1,1,-1,0,0,-1,0,0,0,1,-1,0,1,-1
1848,0,1,1,-1,0,0,-1,0,0,-1,0,0,0,1,-1
1849,0,1,1,-1,0,0,0,1,-1,0,1,-1,0,1,-1
1850,1,0,0,0,1,-1,0,1,-1,0,1,-1,1,0,0
1851,1,0,0,0,1,-1,1,0,0,0,1,-1,1,0,0
1852,1,0,0,0,1,-1,0,1,-1,0,1,-1,1,0,0
1853,1,0,0,0,1,-1,1,0,0,0,1,-1,1,0,0
1854,1,0,0,1,0,0,-1,0,0,0,1,-1,0,1,-1
1855,1,0,0,0,1,-1,0,1,-1,0,1,-1,-1,0,0
1856,1,0,0,0,1,-1,0,1,-1,0,1,-1,-1,0,0
1857,0,1,1,0,1,-1,0,1,-1,1,0,0,-1,0,0
1858,0,1,1,-1,0,0,-1,0,0,0,1,-1,0,1,-1
1859,0,1,1,-1,0,0,-1,0,0,0,1,-1,0,1,-1
1860,0,1,1,-1,0,0,1,0,0,0,1,-1,0,1,-1
1861,0,1,1,-1,0,0,-1,0,0,0,1,-1,0,1,-1
1862,1,0,0,0,1,-1,0,1,-1,0,1,-1,1,0,0
1863,1,0,0,0,1,-1,0,1,-1,0,1,-1,1,0,0
1864,1,0,0,0,1,-1,1,0,0,0,1,-1,0,1,1
1865,1,0,0,0,1,-1,1,0,0,0,1,-1,1,0,0
1867,1,0,0,0,1,-1,0,1,-1,0,1,-1,0,1,1
1868,1,0,0,0,1,-1,0,1,-1,0,1,-1,0,1,1
1869,1,0,0,0,1,-1,0,1,-1,0,1,-1,0,1,1
1870,0,1,1,1,0,0,0,1,-1,0,1,-1,0,1,-1
1871,0,1,-1,-1,0,0,-1,0,0,0,1,-1,0,1,1
1872,0,1,-1,0,1,-1,0,1,-1,0,1,-1,0,1,-1
1873,0,1,1,0,1,1,-1,0,0,0,1,-1,0,1,-1
1875,0,1,1,0,1,-1,-1,0,0,0,1,1,0,1,1
1876,-1,0,0,1,0,0,-1,0,0,0,1,-1,-1,0,0
1877,-1,0,0,1,0,0,-1,0,0,0,1,1,-1,0,0
1878,-1,0,0,0,1,-1,-1,0,0,0,1,-1,0,1,1
1879,0,1,1,0,1,-1,-1,0,0,-1,0,0,0,1,1
1880,0,1,1,0,1,1,0,1,-1,1,0,0,0,1,1
1881,0,1,1,0,1,1,1,0,0,1,0,0,0,1,1
1882,0,1,1,0,1,-1,0,1,-1,1,0,0,0,1,1
1883,0,1,1,1,0,0,0,1,1,1,0,0,0,1,1
1884,1,0,0,0,1,1,0,1,1,-1,0,0,-1,0,0
1885,0,1,1,0,1,1,0,1,1,-1,0,0,-1,0,0
1886,1,0,0,0,1,1,0,1,1,-1,0,0,-1,0,0
1887,0,1,1,0,1,1,1,0,0,0,1,-1,0,1,1
1888,1,0,0,1,0,0,0,1,1,-1,0,0,1,0,0
1889,0,1,1,0,1,-1,-1,0,0,1,0,0,0,1,1
1890,0,1,1,0,1,-1,-1,0,0,-1,0,0,-1,0,0
1891,0,1,1,1,0,0,-1,0,0,0,1,-1,0,1,1
1892,0,1,1,0,1,1,0,1,-1,0,1,1,0,1,1
1893,-1,0,0,0,1,-1,0,1,-1,0,1,1,0,1,1
1894,0,1,1,0,1,1,1,0,0,1,0,0,0,1,1
1895,0,1,1,1,0,0,1,0,0,0,1,-1,-1,0,0
1896,0,1,1,0,1,1,1,0,0,0,1,-1,1,0,0
1897,1,0,0,0,1,1,1,0,0,1,0,0,0,1,1
1898,1,0,0,0,1,1,0,1,1,1,0,0,-1,0,0
1899,1,0,0,-1,0,0,1,0,0,0,1,-1,1,0,0
1900,1,0,0,-1,0,0,-1,0,0,0,1,-1,-1,0,0
1901,0,1,-1,-1,0,0,-1,0,0,0,1,-1,-1,0,0
1902,1,0,0,-1,0,0,-1,0,0,0,1,-1,0,1,1
1903,0,1,-1,0,1,1,0,1,1,1,0,0,0,1,-1
1904,1,0,0,0,1,1,0,1,1,-1,0,0,1,0,0
1905,0,1,-1,0,1,1,1,0,0,0,1,-1,1,0,0
1906,0,1,-1,0,1,1,1,0,0,0,1,-1,0,1,-1
1907,1,0,0,0,1,1,1,0,0,0,1,1,0,1,-1
1908,0,1,-1,0,1,1,1,0,0,0,1,-1,1,0,0
1909,0,1,-1,0,1,1,1,0,0,0,1,-1,1,0,0
1910,1,0,0,0,1,1,0,1,1,0,1,1,0,1,-1
1911,1,0,0,-1,0,0,0,1,-1,0,1,-1,-1,0,0
1912,0,1,-1,-1,0,0,1,0,0,0,1,-1,0,1,1
1914,0,1,-1,-1,0,0,0,1,-1,0,1,-1,1,0,0
1915,-1,0,0,0,1,-1,0,1,-1,0,1,-1,1,0,0
1916,-1,0,0,0,1,-1,0,1,-1,1,0,0,0,1,-1
1917,0,1,1,0,1,-1,-1,0,0,0,1,-1,1,0,0
1918,0,1,1,0,1,-1,0,1,1,0,1,1,-1,0,0
1919,0,1,1,0,1,-1,1,0,0,-1,0,0,0,1,-1
1921,0,1,1,0,1,1,0,1,1,0,1,-1,-1,0,0
1923,1,0,0,0,1,-1,0,1,1,1,0,0,0,1,1
1924,0,1,1,-1,0,0,0,1,1,1,0,0,0,1,1
1926,0,1,1,0,1,1,1,0,0,-1,0,0,0,1,1
1927,0,1,1,0,1,-1,0,1,1,1,0,0,-1,0,0
1928,1,0,0,0,1,1,0,1,1,1,0,0,-1,0,0
1929,0,1,1,-1,0,0,0,1,1,0,1,1,0,1,1
1930,1,0,0,1,0,0,0,1,1,-1,0,0,0,1,1
1931,0,1,1,-1,0,0,0,1,1,0,1,1,-1,0,0
1932,0,1,1,0,1,-1,-1,0,0,1,0,0,0,1,1
1933,0,1,1,0,1,-1,-1,0,0,1,0,0,-1,0,0
1934,0,1,1,0,1,-1,1,0,0,-1,0,0,0,1,-1
1935,0,1,1,0,1,-1,0,1,-1,0,1,-1,-1,0,0
1936,0,1,1,0,1,-1,1,0,0,1,0,0,1,0,0
1937,-1,0,0,0,1,1,0,1,1,1,0,0,1,0,0
1938,0,1,-1,0,1,-1,-1,0,0,0,1,1,0,1,-1
1939,-1,0,0,0,1,-1,-1,0,0,1,0,0,1,0,0
1940,0,1,1,1,0,0,-1,0,0,0,1,1,1,0,0
1941,-1,0,0,-1,0,0,0,1,1,-1,0,0,0,1,1
1942,-1,0,0,-1,0,0,-1,0,0,-1,0,0,0,1,1
1943,-1,0,0,-1,0,0,-1,0,0,-1,0,0,0,1,1
1944,0,1,-1,-1,0,0,0,1,-1,-1,0,0,0,1,1
1945,0,1,-1,-1,0,0,0,1,1,-1,0,0,0,1,1
1946,0,1,-1,-1,0,0,-1,0,0,-1,0,0,0,1,1
1947,0,1,-1,0,1,-1,-1,0,0,1,0,0,0,1,-1
1949,0,1,1,1,0,0,0,1,1,1,0,0,1,0,0
1950,1,0,0,0,1,1,0,1,-1,1,0,0,0,1,-1
1951,-1,0,0,-1,0,0,1,0,0,1,0,0,0,1,-1
1952,0,1,1,-1,0,0,1,0,0,1,0,0,0,1,-1
1953,-1,0,0,-1,0,0,-1,0,0,0,1,-1,0,1,1
1954,0,1,-1,-1,0,0,0,1,-1,1,0,0,-1,0,0
1955,0,1,1,1,0,0,0,1,-1,-1,0,0,0,1,-1
1956,0,1,1,1,0,0,-1,0,0,-1,0,0,0,1,1
1957,-1,0,0,0,1,1,0,1,-1,-1,0,0,0,1,1
1958,-1,0,0,1,0,0,0,1,-1,0,1,-1,1,0,0
1959,-1,0,0,1,0,0,-1,0,0,0,1,-1,1,0,0
1960,-1,0,0,1,0,0,-1,0,0,1,0,0,0,1,1
1961,-1,0,0,1,0,0,-1,0,0,0,1,-1,0,1,1
1962,0,1,1,0,1,1,0,1,-1,0,1,1,-1,0,0
1963,-1,0,0,0,1,1,-1,0,0,0,1,-1,1,0,0
1964,0,1,1,1,0,0,0,1,-1,-1,0,0,-1,0,0
1965,0,1,-1,0,1,1,0,1,1,1,0,0,0,1,-1
1966,0,1,-1,-1,0,0,1,0,0,0,1,-1,1,0,0
1967,1,0,0,-1,0,0,0,1,-1,1,0,0,-1,0,0
1968,0,1,-1,-1,0,0,0,1,-1,0,1,-1,1,0,0
1969,-1,0,0,-1,0,0,-1,0,0,-1,0,0,1,0,0
1970,-1,0,0,0,1,1,-1,0,0,0,1,1,1,0,0
1971,0,1,-1,0,1,1,-1,0,0,1,0,0,1,0,0
1972,0,1,-1,-1,0,0,0,1,-1,0,1,1,1,0,0
1973,-1,0,0,0,1,1,0,1,-1,-1,0,0,0,1,-1
1974,0,1,-1,0,1,1,-1,0,0,-1,0,0,1,0,0
1975,1,0,0,-1,0,0,0,1,-1,1,0,0,1,0,0
1976,1,0,0,0,1,-1,1,0,0,0,1,-1,0,1,-1
1977,1,0,0,0,1,-1,0,1,-1,0,1,-1,1,0,0
1978,1,0,0,-1,0,0,1,0,0,0,1,-1,0,1,-1
1979,1,0,0,0,1,-1,1,0,0,0,1,-1,1,0,0
1980,1,0,0,-1,0,0,0,1,-1,0,1,-1,0,1,-1
1981,-1,0,0,-1,0,0,-1,0,0,0,1,1,0,1,-1
1982,0,1,-1,-1,0,0,-1,0,0,0,1,-1,0,1,-1
1983,0,1,-1,-1,0,0,-1,0,0,-1,0,0,1,0,0
1984,0,1,1,0,1,1,0,1,1,-1,0,0,0,1,1
1985,0,1,-1,0,1,1,0,1,1,0,1,-1,1,0,0
1986,0,1,1,1,0,0,0,1,1,0,1,1,0,1,1
1987,-1,0,0,0,1,1,0,1,1,0,1,1,0,1,1
1988,-1,0,0,0,1,1,0,1,1,0,1,1,1,0,0
1989,0,1,-1,0,1,1,0,1,1,-1,0,0,1,0,0
1990,-1,0,0,0,1,1,0,1,-1,1,0,0,0,1,-1
1991,-1,0,0,-1,0,0,0,1,-1,1,0,0,-1,0,0
1992,0,1,-1,0,1,1,0,1,-1,1,0,0,-1,0,0
1993,-1,0,0,-1,0,0,0,1,-1,1,0,0,-1,0,0
1994,0,1,-1,-1,0,0,0,1,-1,1,0,0,0,1,-1
1995,0,1,-1,-1,0,0,0,1,-1,1,0,0,1,0,0
1996,-1,0,0,-1,0,0,0,1,-1,1,0,0,-1,0,0
1997,0,1,-1,0,1,1,0,1,-1,1,0,0,-1,0,0
1999,-1,0,0,0,1,1,0,1,-1,1,0,0,0,1,1
2000,-1,0,0,-1,0,0,0,1,1,-1,0,0,1,0,0
2002,-1,0,0,-1,0,0,0,1,1,0,1,-1,0,1,1
2003,-1,0,0,-1,0,0,0,1,1,-1,0,0,0,1,1
2004,-1,0,0,-1,0,0,0,1,1,0,1,-1,1,0,0
2005,0,1,1,-1,0,0,0,1,1,-1,0,0,0,1,1
2132,0,1,-1,-1,0,0,-1,0,0,-1,0,0,0,1,-1
2133,0,1,-1,-1,0,0,-1,0,0,-1,0,0,0,1,1
2134,0,1,-1,-1,0,0,0,1,1,-1,0,0,0,1,-1
2135,0,1,-1,-1,0,0,0,1,1,-1,0,0,1,0,0
2136,0,1,-1,-1,0,0,-1,0,0,-1,0,0,0,1,1
2137,0,1,-1,-1,0,0,0,1,1,-1,0,0,1,0,0
2139,0,1,-1,-1,0,0,-1,0,0,-1,0,0,1,0,0
2140,0,1,-1,-1,0,0,0,1,1,-1,0,0,0,1,1
2141,0,1,-1,-1,0,0,0,1,1,-1,0,0,-1,0,0
2142,0,1,-1,-1,0,0,0,1,1,-1,0,0,1,0,0
2143,0,1,-1,-1,0,0,-1,0,0,-1,0,0,-1,0,0
2144,0,1,-1,-1,0,0,-1,0,0,-1,0,0,0,1,-1
2145,-1,0,0,0,1,-1,0,1,-1,1,0,0,0,1,1
2146,0,1,-1,-1,0,0,0,1,-1,-1,0,0,-1,0,0
2147,0,1,-1,0,1,-1,0,1,-1,0,1,1,1,0,0
2148,0,1,-1,0,1,-1,0,1,-1,-1,0,0,0,1,-1
2149,-1,0,0,0,1,-1,0,1,-1,-1,0,0,0,1,-1
2150,-1,0,0,-1,0,0,0,1,-1,0,1,-1,-1,0,0
2152,-1,0,0,-1,0,0,0,1,-1,0,1,-1,0,1,-1
2153,-1,0,0,-1,0,0,0,1,-1,-1,0,0,-1,0,0
2154,-1,0,0,-1,0,0,0,1,-1,0,1,-1,1,0,0
2155,-1,0,0,-1,0,0,0,1,-1,-1,0,0,0,1,1
2156,0,1,-1,-1,0,0,0,1,-1,1,0,0,1,0,0
2157,1,0,0,-1,0,0,1,0,0,0,1,1,-1,0,0
2158,1,0,0,0,1,1,0,1,1,-1,0,0,-1,0,0
2159,0,1,1,0,1,1,1,0,0,-1,0,0,-1,0,0
2160,0,1,-1,0,1,-1,-1,0,0,0,1,-1,-1,0,0
2162,0,1,-1,0,1,-1,-1,0,0,0,1,-1,0,1,1
2163,0,1,-1,0,1,-1,-1,0,0,-1,0,0,-1,0,0
2164,0,1,-1,1,0,0,-1,0,0,0,1,-1,0,1,1
2165,0,1,-1,-1,0,0,-1,0,0,0,1,-1,-1,0,0
2166,0,1,-1,0,1,1,-1,0,0,0,1,-1,0,1,1
2167,0,1,-1,1,0,0,0,1,1,-1,0,0,0,1,1
2168,0,1,-1,0,1,-1,0,1,1,-1,0,0,-1,0,0
2177,1,0,0,1,0,0,1,0,0,0,1,-1,-1,0,0
2178,0,1,-1,1,0,0,1,0,0,-1,0,0,0,1,-1
2179,0,1,-1,1,0,0,1,0,0,-1,0,0,0,1,-1
2180,0,1,-1,1,0,0,1,0,0,0,1,-1,0,1,-1
2181,0,1,-1,1,0,0,1,0,0,0,1,-1,0,1,-1
2183,1,0,0,0,1,1,1,0,0,-1,0,0,0,1,-1
2413,-1,0,0,0,1,1,0,1,1,0,1,1,1,0,0
2414,-1,0,0,1,0,0,-1,0,0,-1,0,0,1,0,0
2415,-1,0,0,-1,0,0,0,1,1,0,1,1,0,1,-1
2416,-1,0,0,0,1,1,0,1,1,-1,0,0,0,1,-1
2417,0,1,-1,0,1,-1,-1,0,0,-1,0,0,1,0,0
2418,0,1,-1,0,1,1,0,1,1,-1,0,0,1,0,0
2419,-1,0,0,1,0,0,-1,0,0,-1,0,0,0,1,-1
2420,-1,0,0,0,1,-1,1,0,0,0,1,-1,0,1,-1
2421,0,1,1,0,1,-1,0,1,1,0,1,-1,1,0,0
2422,0,1,1,0,1,-1,1,0,0,-1,0,0,0,1,-1
2423,-1,0,0,0,1,-1,1,0,0,-1,0,0,0,1,-1
2424,-1,0,0,0,1,-1,0,1,1,0,1,-1,0,1,-1
2425,1,0,0,0,1,1,1,0,0,0,1,-1,1,0,0
2426,0,1,-1,0,1,1,1,0,0,0,1,-1,0,1,-1
2428,-1,0,0,0,1,1,0,1,1,1,0,0,1,0,0
2429,0,1,-1,0,1,1,0,1,1,0,1,-1,1,0,0
2430,0,1,-1,1,0,0,0,1,1,-1,0,0,0,1,-1
2431,-1,0,0,0,1,-1,-1,0,0,-1,0,0,1,0,0
2432,0,1,-1,0,1,-1,-1,0,0,0,1,1,1,0,0
2433,-1,0,0,1,0,0,0,1,1,-1,0,0,1,0,0
2434,-1,0,0,1,0,0,0,1,1,-1,0,0,0,1,-1
2436,0,1,1,0,1,-1,1,0,0,0,1,-1,1,0,0
2437,0,1,1,0,1,-1,0,1,1,1,0,0,1,0,0
2438,0,1,1,0,1,-1,0,1,1,0,1,1,1,0,0
2439,1,0,0,0,1,1,0,1,1,1,0,0,0,1,-1
2440,0,1,1,0,1,1,0,1,1,0,1,-1,1,0,0
2441,0,1,-1,0,1,1,1,0,0,1,0,0,1,0,0
2442,0,1,-1,0,1,1,1,0,0,0,1,-1,0,1,-1
2443,0,1,1,0,1,1,0,1,1,1,0,0,1,0,0
2444,1,0,0,0,1,1,0,1,1,1,0,0,0,1,1
2445,1,0,0,0,1,1,1,0,0,-1,0,0,0,1,-1
2446,1,0,0,1,0,0,1,0,0,0,1,-1,0,1,-1
2447,0,1,-1,0,1,1,1,0,0,0,1,-1,0,1,-1
2448,1,0,0,1,0,0,1,0,0,-1,0,0,0,1,-1
2449,0,1,-1,0,1,1,1,0,0,0,1,-1,0,1,-1
2450,0,1,-1,0,1,1,1,0,0,0,1,-1,0,1,-1
2451,0,1,-1,0,1,1,-1,0,0,0,1,1,0,1,1
2793,-1,0,0,1,0,0,-1,0,0,0,1,1,0,1,-1
2794,-1,0,0,1,0,0,-1,0,0,0,1,1,1,0,0
2795,-1,0,0,0,1,-1,0,1,1,0,1,1,0,1,1
2796,1,0,0,1,0,0,-1,0,0,0,1,1,-1,0,0
2797,-1,0,0,0,1,-1,-1,0,0,0,1,1,1,0,0
2799,0,1,-1,0,1,-1,-1,0,0,0,1,1,1,0,0
2800,-1,0,0,1,0,0,-1,0,0,0,1,1,-1,0,0
2801,0,1,1,0,1,-1,-1,0,0,0,1,1,0,1,1
2802,0,1,1,1,0,0,0,1,1,0,1,1,1,0,0
2821,-1,0,0,0,1,1,1,0,0,0,1,-1,-1,0,0
2824,1,0,0,-1,0,0,0,1,1,0,1,-1,0,1,1
2825,1,0,0,0,1,-1,1,0,0,-1,0,0,0,1,1
2826,0,1,1,1,0,0,0,1,-1,-1,0,0,1,0,0
2827,0,1,1,1,0,0,1,0,0,-1,0,0,0,1,-1
2828,0,1,1,1,0,0,0,1,-1,-1,0,0,1,0,0
2829,0,1,1,0,1,1,0,1,-1,0,1,1,0,1,-1
2830,0,1,1,1,0,0,1,0,0,0,1,1,0,1,-1
2831,0,1,1,0,1,1,0,1,-1,0,1,1,1,0,0
2832,0,1,1,0,1,1,1,0,0,-1,0,0,1,0,0
2835,0,1,-1,0,1,-1,1,0,0,-1,0,0,0,1,1
2836,-1,0,0,-1,0,0,0,1,1,-1,0,0,0,1,1
2837,1,0,0,0,1,1,0,1,1,-1,0,0,0,1,1
2881,-1,0,0,0,1,-1,0,1,-1,0,1,-1,-1,0,0
2882,1,0,0,0,1,-1,1,0,0,-1,0,0,-1,0,0
2883,1,0,0,-1,0,0,1,0,0,-1,0,0,-1,0,0
2884,0,1,-1,0,1,-1,0,1,-1,-1,0,0,-1,0,0
2885,0,1,-1,0,1,-1,0,1,-1,0,1,-1,-1,0,0
2886,1,0,0,-1,0,0,1,0,0,0,1,-1,0,1,-1
2887,0,1,1,-1,0,0,0,1,-1,0,1,1,1,0,0
2888,0,1,1,-1,0,0,1,0,0,1,0,0,1,0,0
2889,0,1,1,-1,0,0,1,0,0,0,1,-1,0,1,1
2893,0,1,1,-1,0,0,0,1,-1,0,1,-1,1,0,0
2894,0,1,1,0,1,1,0,1,-1,-1,0,0,0,1,1
2895,0,1,-1,0,1,-1,0,1,1,0,1,-1,-1,0,0
2896,0,1,1,-1,0,0,-1,0,0,0,1,-1,0,1,-1
2897,0,1,1,0,1,-1,0,1,-1,-1,0,0,0,1,-1
2901,0,1,1,0,1,1,0,1,-1,0,1,1,0,1,1
2902,0,1,1,0,1,1,0,1,-1,-1,0,0,0,1,1
2903,0,1,1,0,1,1,0,1,-1,0,1,1,0,1,1
2989,0,1,-1,0,1,-1,0,1,1,0,1,1,0,1,-1
2990,1,0,0,0,1,-1,-1,0,0,0,1,1,0,1,-1
2991,0,1,-1,0,1,-1,-1,0,0,0,1,1,0,1,-1
2992,0,1,1,-1,0,0,1,0,0,-1,0,0,-1,0,0
2993,0,1,1,0,1,-1,1,0,0,0,1,1,0,1,1
2994,0,1,1,0,1,-1,0,1,-1,0,1,1,0,1,1
2995,0,1,1,1,0,0,1,0,0,-1,0,0,0,1,1
2996,-1,0,0,0,1,1,0,1,-1,0,1,1,0,1,1
2997,-1,0,0,0,1,-1,0,1,-1,0,1,-1,0,1,1
2999,-1,0,0,0,1,-1,0,1,-1,-1,0,0,0,1,1
3000,0,1,-1,0,1,-1,-1,0,0,1,0,0,0,1,-1
3001,1,0,0,1,0,0,0,1,1,1,0,0,0,1,-1
3002,0,1,-1,0,1,-1,-1,0,0,0,1,1,0,1,-1
3003,0,1,-1,0,1,-1,-1,0,0,1,0,0,0,1,-1
3004,-1,0,0,0,1,-1,0,1,-1,1,0,0,-1,0,0
3005,-1,0,0,1,0,0,1,0,0,-1,0,0,-1,0,0
3006,0,1,1,1,0,0,1,0,0,0,1,-1,0,1,1
3007,0,1,1,-1,0,0,0,1,-1,-1,0,0,-1,0,0
3008,0,1,-1,0,1,1,0,1,1,0,1,-1,0,1,1
3009,1,0,0,0,1,1,0,1,1,1,0,0,0,1,1
3010,-1,0,0,0,1,1,-1,0,0,-1,0,0,0,1,1
3011,0,1,1,0,1,1,-1,0,0,-1,0,0,0,1,1
3012,0,1,-1,0,1,1,0,1,1,0,1,1,0,1,1
3013,0,1,-1,1,0,0,-1,0,0,0,1,1,1,0,0
3014,0,1,-1,1,0,0,-1,0,0,0,1,-1,0,1,1
3015,1,0,0,1,0,0,0,1,-1,1,0,0,0,1,1
3017,0,1,-1,0,1,1,1,0,0,1,0,0,0,1,1
3018,1,0,0,0,1,1,0,1,1,0,1,-1,0,1,1
3019,1,0,0,1,0,0,1,0,0,1,0,0,0,1,1
3020,1,0,0,0,1,1,-1,0,0,0,1,1,1,0,0
3021,0,1,-1,0,1,1,0,1,1,-1,0,0,1,0,0
3022,1,0,0,1,0,0,-1,0,0,-1,0,0,1,0,0
3023,1,0,0,1,0,0,1,0,0,0,1,1,1,0,0
3024,0,1,-1,1,0,0,0,1,-1,-1,0,0,0,1,-1
3025,-1,0,0,1,0,0,0,1,1,0,1,1,1,0,0
3117,1,0,0,-1,0,0,1,0,0,-1,0,0,1,0,0
3118,1,0,0,-1,0,0,0,1,1,-1,0,0,0,1,1
3119,1,0,0,-1,0,0,1,0,0,-1,0,0,0,1,1
3120,0,1,-1,-1,0,0,0,1,1,-1,0,0,1,0,0
3121,0,1,-1,0,1,1,0,1,1,-1,0,0,1,0,0
3122,0,1,-1,-1,0,0,0,1,1,-1,0,0,0,1,1
3123,0,1,-1,-1,0,0,0,1,-1,-1,0,0,-1,0,0
3124,0,1,-1,0,1,1,0,1,-1,-1,0,0,-1,0,0
3125,1,0,0,0,1,1,-1,0,0,-1,0,0,0,1,-1
3126,1,0,0,0,1,-1,-1,0,0,-1,0,0,-1,0,0
3127,1,0,0,0,1,1,0,1,-1,0,1,1,-1,0,0
3128,0,1,-1,-1,0,0,1,0,0,-1,0,0,1,0,0
3129,1,0,0,0,1,1,0,1,1,-1,0,0,0,1,1
3130,0,1,1,1,0,0,0,1,-1,-1,0,0,-1,0,0
3138,0,1,1,0,1,-1,-1,0,0,-1,0,0,-1,0,0
3139,0,1,1,1,0,0,-1,0,0,-1,0,0,-1,0,0
3140,-1,0,0,0,1,1,1,0,0,-1,0,0,-1,0,0
3141,0,1,1,-1,0,0,0,1,1,-1,0,0,-1,0,0
3142,-1,0,0,0,1,1,0,1,-1,-1,0,0,-1,0,0
3143,0,1,1,0,1,-1,0,1,1,-1,0,0,-1,0,0
3144,-1,0,0,-1,0,0,1,0,0,-1,0,0,-1,0,0
3265,1,0,0,-1,0,0,-1,0,0,1,0,0,1,0,0
3266,1,0,0,0,1,-1,0,1,1,0,1,1,0,1,-1
3267,1,0,0,0,1,-1,0,1,1,1,0,0,1,0,0
3268,1,0,0,1,0,0,1,0,0,-1,0,0,0,1,-1
3305,-1,0,0,1,0,0,0,1,1,1,0,0,1,0,0
3306,-1,0,0,1,0,0,0,1,1,1,0,0,0,1,1
3307,-1,0,0,1,0,0,0,1,1,1,0,0,1,0,0
3308,0,1,-1,1,0,0,0,1,1,1,0,0,1,0,0
3309,0,1,-1,0,1,-1,0,1,-1,1,0,0,0,1,1
3311,0,1,1,1,0,0,0,1,1,1,0,0,1,0,0
3312,-1,0,0,0,1,-1,0,1,-1,1,0,0,0,1,1
3842,0,1,-1,0,1,1,0,1,-1,1,0,0,1,0,0
3843,0,1,-1,0,1,1,0,1,-1,1,0,0,1,0,0
3844,-1,0,0,0,1,1,0,1,-1,0,1,-1,1,0,0
3845,-1,0,0,0,1,1,0,1,-1,0,1,1,1,0,0
3847,-1,0,0,0,1,1,0,1,-1,1,0,0,1,0,0
3848,0,1,-1,0,1,1,0,1,-1,-1,0,0,1,0,0
3849,-1,0,0,0,1,1,-1,0,0,0,1,1,1,0,0
